-18,34,u2VuI70iAqmBorXyhyCAVpNWCiA=,dn7glSyl7OM0P+SOaQ1ZlKXI3S4=
-18,33,u2VuI70iAqmBorXyhyCAVpNWCiA=,14a9kI+N8BeKDTHwuYEe/Z04aU0=
-19,34,u2VuI70iAqmBorXyhyCAVpNWCiA=,N2muKjVLmsOU/LCWrDSsFnbkrH4=
-19,33,u2VuI70iAqmBorXyhyCAVpNWCiA=,wRrTMbbY3C0h9K018YGN82v9bAM=
-21,33,qX2X8p5q2C/JybLgXIk1hBbQyO4=,1dOQPISvUkbAEVEJH/8Wobl4dVA=
-20,34,qX2X8p5q2C/JybLgXIk1hBbQyO4=,N2muKjVLmsOU/LCWrDSsFnbkrH4=
-21,34,qX2X8p5q2C/JybLgXIk1hBbQyO4=,b1KAIApUTYhQ8sNDu0AgAFSBFes=
-20,33,qX2X8p5q2C/JybLgXIk1hBbQyO4=,wRrTMbbY3C0h9K018YGN82v9bAM=
-24,40,qX2X8p5q2C/JybLgXIk1hBbQyO4=,575hKN+FsmFBXJvlyOZYWl1T788=
-22,37,qX2X8p5q2C/JybLgXIk1hBbQyO4=,M55vb6uRtNPxWEWWmj9rxq4AV2Q=
-25,39,qX2X8p5q2C/JybLgXIk1hBbQyO4=,wdEo3k0Agoup98CT03NH5P3oml4=
-25,37,qX2X8p5q2C/JybLgXIk1hBbQyO4=,z1VC9MP32itNtNjGcwVbScTul0A=
-25,40,qX2X8p5q2C/JybLgXIk1hBbQyO4=,R6m+cNiz4BhtTMbfq7nWGsv8afQ=
-23,37,qX2X8p5q2C/JybLgXIk1hBbQyO4=,CPnvI0uq8BvpyH60aylBgrFH9oQ=
-24,39,qX2X8p5q2C/JybLgXIk1hBbQyO4=,Ia4P/BEGS1vk78Mo0eLZ9JATXu4=
-24,37,qX2X8p5q2C/JybLgXIk1hBbQyO4=,CPnvI0uq8BvpyH60aylBgrFH9oQ=
-23,38,qX2X8p5q2C/JybLgXIk1hBbQyO4=,Ia4P/BEGS1vk78Mo0eLZ9JATXu4=
-25,38,qX2X8p5q2C/JybLgXIk1hBbQyO4=,wdEo3k0Agoup98CT03NH5P3oml4=
-22,38,qX2X8p5q2C/JybLgXIk1hBbQyO4=,SVIjfsazRGjNpZ7MBAiIkCUiWpo=
-24,38,qX2X8p5q2C/JybLgXIk1hBbQyO4=,Ia4P/BEGS1vk78Mo0eLZ9JATXu4=
-29,37,qX2X8p5q2C/JybLgXIk1hBbQyO4=,8lgvmL92QKb8UNVUmbBR2r4wZxg=
-29,38,qX2X8p5q2C/JybLgXIk1hBbQyO4=,ICwIf5QfbrduNqu2Q+YxuagBreo=
-28,37,qX2X8p5q2C/JybLgXIk1hBbQyO4=,5GzSBuEQODS6vcQPOUm0n9RBsmY=
-27,37,qX2X8p5q2C/JybLgXIk1hBbQyO4=,5GzSBuEQODS6vcQPOUm0n9RBsmY=
-28,38,ZwoJ8tMm5IX3qe5MR/sBPhtyF3w=,nPspelO5q96iQZ1AVHIa3zhWUSs=
-26,38,ZwoJ8tMm5IX3qe5MR/sBPhtyF3w=,wdEo3k0Agoup98CT03NH5P3oml4=
-27,38,ZwoJ8tMm5IX3qe5MR/sBPhtyF3w=,nPspelO5q96iQZ1AVHIa3zhWUSs=
-26,37,ZwoJ8tMm5IX3qe5MR/sBPhtyF3w=,z1VC9MP32itNtNjGcwVbScTul0A=
-28,35,ZwoJ8tMm5IX3qe5MR/sBPhtyF3w=,8eFbrX21iU07L6RM83dmKCN2iPc=
-29,36,ZwoJ8tMm5IX3qe5MR/sBPhtyF3w=,8lgvmL92QKb8UNVUmbBR2r4wZxg=
-29,35,ZwoJ8tMm5IX3qe5MR/sBPhtyF3w=,N3Ja2HuoZhjlU8toDN6GYxPCLdE=
-28,36,ZwoJ8tMm5IX3qe5MR/sBPhtyF3w=,5GzSBuEQODS6vcQPOUm0n9RBsmY=
-31,33,ZwoJ8tMm5IX3qe5MR/sBPhtyF3w=,zwgI7LxK7pX3LmS6rj2i1kyuUCA=
-31,34,ZwoJ8tMm5IX3qe5MR/sBPhtyF3w=,WB8OxeKVk27EjUHRcqq05gxKjdQ=
-30,33,ZwoJ8tMm5IX3qe5MR/sBPhtyF3w=,aieZDNpKjxJ7+b2GRODLbG0q1Ks=
-30,34,ZwoJ8tMm5IX3qe5MR/sBPhtyF3w=,N3Ja2HuoZhjlU8toDN6GYxPCLdE=
-28,34,ZwoJ8tMm5IX3qe5MR/sBPhtyF3w=,8eFbrX21iU07L6RM83dmKCN2iPc=
-30,35,ZwoJ8tMm5IX3qe5MR/sBPhtyF3w=,N3Ja2HuoZhjlU8toDN6GYxPCLdE=
-29,34,ZwoJ8tMm5IX3qe5MR/sBPhtyF3w=,N3Ja2HuoZhjlU8toDN6GYxPCLdE=
-30,37,ZwoJ8tMm5IX3qe5MR/sBPhtyF3w=,8lgvmL92QKb8UNVUmbBR2r4wZxg=
-30,36,ZwoJ8tMm5IX3qe5MR/sBPhtyF3w=,8lgvmL92QKb8UNVUmbBR2r4wZxg=
-29,33,ZwoJ8tMm5IX3qe5MR/sBPhtyF3w=,aieZDNpKjxJ7+b2GRODLbG0q1Ks=
-30,38,P1Iznv1o5rFQC9UOLGg6/S10I9k=,ICwIf5QfbrduNqu2Q+YxuagBreo=
-31,35,P1Iznv1o5rFQC9UOLGg6/S10I9k=,WB8OxeKVk27EjUHRcqq05gxKjdQ=
-28,33,P1Iznv1o5rFQC9UOLGg6/S10I9k=,NGvc1OyCDCku47HpNbnaWzynrtI=
-31,38,P1Iznv1o5rFQC9UOLGg6/S10I9k=,ng5XGGgHkAwN+EyOfwDMo6cIKIc=
-26,36,P1Iznv1o5rFQC9UOLGg6/S10I9k=,z1VC9MP32itNtNjGcwVbScTul0A=
-31,37,P1Iznv1o5rFQC9UOLGg6/S10I9k=,+0ly4mzALKwAmmnlZOZmTKo0g8E=
-31,36,P1Iznv1o5rFQC9UOLGg6/S10I9k=,+0ly4mzALKwAmmnlZOZmTKo0g8E=
-26,33,P1Iznv1o5rFQC9UOLGg6/S10I9k=,+wEzEfQ8Tm7Uk+K0EvVJ0UxVi70=
-26,34,P1Iznv1o5rFQC9UOLGg6/S10I9k=,PoD88vPIKQvo8yngY/q1TKN+Edo=
-26,35,CcZhnQzKKhT+VsoowD0qFoyd3lE=,PoD88vPIKQvo8yngY/q1TKN+Edo=
-27,35,CcZhnQzKKhT+VsoowD0qFoyd3lE=,8eFbrX21iU07L6RM83dmKCN2iPc=
-27,34,CcZhnQzKKhT+VsoowD0qFoyd3lE=,8eFbrX21iU07L6RM83dmKCN2iPc=
-27,33,CcZhnQzKKhT+VsoowD0qFoyd3lE=,NGvc1OyCDCku47HpNbnaWzynrtI=
-27,36,CcZhnQzKKhT+VsoowD0qFoyd3lE=,5GzSBuEQODS6vcQPOUm0n9RBsmY=
-25,33,CcZhnQzKKhT+VsoowD0qFoyd3lE=,+wEzEfQ8Tm7Uk+K0EvVJ0UxVi70=
-25,36,CcZhnQzKKhT+VsoowD0qFoyd3lE=,z1VC9MP32itNtNjGcwVbScTul0A=
-25,35,CcZhnQzKKhT+VsoowD0qFoyd3lE=,PoD88vPIKQvo8yngY/q1TKN+Edo=
-22,36,CcZhnQzKKhT+VsoowD0qFoyd3lE=,M55vb6uRtNPxWEWWmj9rxq4AV2Q=
-25,34,CcZhnQzKKhT+VsoowD0qFoyd3lE=,PoD88vPIKQvo8yngY/q1TKN+Edo=
-22,33,CcZhnQzKKhT+VsoowD0qFoyd3lE=,1dOQPISvUkbAEVEJH/8Wobl4dVA=
-22,32,CcZhnQzKKhT+VsoowD0qFoyd3lE=,1dOQPISvUkbAEVEJH/8Wobl4dVA=
-24,33,CcZhnQzKKhT+VsoowD0qFoyd3lE=,vj+FWLBcOFBx2navTCe8+4iLwsc=
-23,33,CcZhnQzKKhT+VsoowD0qFoyd3lE=,vj+FWLBcOFBx2navTCe8+4iLwsc=
-23,32,CcZhnQzKKhT+VsoowD0qFoyd3lE=,vj+FWLBcOFBx2navTCe8+4iLwsc=
-22,34,CcZhnQzKKhT+VsoowD0qFoyd3lE=,b1KAIApUTYhQ8sNDu0AgAFSBFes=
-24,34,CcZhnQzKKhT+VsoowD0qFoyd3lE=,mApgxDSUVwIF+FnEOizE7iujRlw=
-23,34,CcZhnQzKKhT+VsoowD0qFoyd3lE=,mApgxDSUVwIF+FnEOizE7iujRlw=
-24,36,CcZhnQzKKhT+VsoowD0qFoyd3lE=,CPnvI0uq8BvpyH60aylBgrFH9oQ=
-23,35,CcZhnQzKKhT+VsoowD0qFoyd3lE=,mApgxDSUVwIF+FnEOizE7iujRlw=
-22,35,CcZhnQzKKhT+VsoowD0qFoyd3lE=,b1KAIApUTYhQ8sNDu0AgAFSBFes=
-23,36,CcZhnQzKKhT+VsoowD0qFoyd3lE=,CPnvI0uq8BvpyH60aylBgrFH9oQ=
-24,35,7lNl8jgcHPdvY5wAxae6Jq2PdfE=,mApgxDSUVwIF+FnEOizE7iujRlw=
-31,32,7lNl8jgcHPdvY5wAxae6Jq2PdfE=,zwgI7LxK7pX3LmS6rj2i1kyuUCA=
-30,32,7lNl8jgcHPdvY5wAxae6Jq2PdfE=,aieZDNpKjxJ7+b2GRODLbG0q1Ks=
-28,32,7lNl8jgcHPdvY5wAxae6Jq2PdfE=,NGvc1OyCDCku47HpNbnaWzynrtI=
-24,32,7lNl8jgcHPdvY5wAxae6Jq2PdfE=,vj+FWLBcOFBx2navTCe8+4iLwsc=
-29,32,7lNl8jgcHPdvY5wAxae6Jq2PdfE=,aieZDNpKjxJ7+b2GRODLbG0q1Ks=
-25,32,7lNl8jgcHPdvY5wAxae6Jq2PdfE=,+wEzEfQ8Tm7Uk+K0EvVJ0UxVi70=
-27,32,7lNl8jgcHPdvY5wAxae6Jq2PdfE=,NGvc1OyCDCku47HpNbnaWzynrtI=
-26,32,7lNl8jgcHPdvY5wAxae6Jq2PdfE=,+wEzEfQ8Tm7Uk+K0EvVJ0UxVi70=
-32,34,7lNl8jgcHPdvY5wAxae6Jq2PdfE=,WB8OxeKVk27EjUHRcqq05gxKjdQ=
-32,33,7lNl8jgcHPdvY5wAxae6Jq2PdfE=,zwgI7LxK7pX3LmS6rj2i1kyuUCA=
-32,35,7lNl8jgcHPdvY5wAxae6Jq2PdfE=,WB8OxeKVk27EjUHRcqq05gxKjdQ=
-32,36,7lNl8jgcHPdvY5wAxae6Jq2PdfE=,+0ly4mzALKwAmmnlZOZmTKo0g8E=
-26,40,7lNl8jgcHPdvY5wAxae6Jq2PdfE=,R6m+cNiz4BhtTMbfq7nWGsv8afQ=
-32,37,7lNl8jgcHPdvY5wAxae6Jq2PdfE=,+0ly4mzALKwAmmnlZOZmTKo0g8E=
-26,39,7lNl8jgcHPdvY5wAxae6Jq2PdfE=,wdEo3k0Agoup98CT03NH5P3oml4=
-31,39,7lNl8jgcHPdvY5wAxae6Jq2PdfE=,ng5XGGgHkAwN+EyOfwDMo6cIKIc=
-27,39,7lNl8jgcHPdvY5wAxae6Jq2PdfE=,nPspelO5q96iQZ1AVHIa3zhWUSs=
-27,40,7lNl8jgcHPdvY5wAxae6Jq2PdfE=,BLuDNXiK0ks5WPf80+M8MNpf008=
-30,40,7lNl8jgcHPdvY5wAxae6Jq2PdfE=,LtVSMGOa54wpuLNthiTmsZeHA5A=
-32,38,7lNl8jgcHPdvY5wAxae6Jq2PdfE=,ng5XGGgHkAwN+EyOfwDMo6cIKIc=
-30,39,7lNl8jgcHPdvY5wAxae6Jq2PdfE=,ICwIf5QfbrduNqu2Q+YxuagBreo=
-28,39,7lNl8jgcHPdvY5wAxae6Jq2PdfE=,nPspelO5q96iQZ1AVHIa3zhWUSs=
-28,40,7lNl8jgcHPdvY5wAxae6Jq2PdfE=,BLuDNXiK0ks5WPf80+M8MNpf008=
-29,40,7lNl8jgcHPdvY5wAxae6Jq2PdfE=,LtVSMGOa54wpuLNthiTmsZeHA5A=
-32,39,7lNl8jgcHPdvY5wAxae6Jq2PdfE=,ng5XGGgHkAwN+EyOfwDMo6cIKIc=
-29,39,7lNl8jgcHPdvY5wAxae6Jq2PdfE=,ICwIf5QfbrduNqu2Q+YxuagBreo=
-18,35,7lNl8jgcHPdvY5wAxae6Jq2PdfE=,dn7glSyl7OM0P+SOaQ1ZlKXI3S4=
-32,40,7lNl8jgcHPdvY5wAxae6Jq2PdfE=,AKqVWtS+mUpWglt37DX5ibr9TV0=
-31,40,7lNl8jgcHPdvY5wAxae6Jq2PdfE=,AKqVWtS+mUpWglt37DX5ibr9TV0=
-20,35,7lNl8jgcHPdvY5wAxae6Jq2PdfE=,N2muKjVLmsOU/LCWrDSsFnbkrH4=
-19,39,7lNl8jgcHPdvY5wAxae6Jq2PdfE=,gYqj/LOKr1HZe4cUHBwkHc6uXE4=
-20,38,7lNl8jgcHPdvY5wAxae6Jq2PdfE=,gYqj/LOKr1HZe4cUHBwkHc6uXE4=
-21,38,7lNl8jgcHPdvY5wAxae6Jq2PdfE=,SVIjfsazRGjNpZ7MBAiIkCUiWpo=
-18,36,7lNl8jgcHPdvY5wAxae6Jq2PdfE=,vj6O409NaYgQU4aK1/ksn4G9kSk=
-21,35,7lNl8jgcHPdvY5wAxae6Jq2PdfE=,b1KAIApUTYhQ8sNDu0AgAFSBFes=
-19,35,7lNl8jgcHPdvY5wAxae6Jq2PdfE=,N2muKjVLmsOU/LCWrDSsFnbkrH4=
-18,40,7lNl8jgcHPdvY5wAxae6Jq2PdfE=,s8VsUesLMzbiNbDMlGLrGQqyNDE=
-21,37,7lNl8jgcHPdvY5wAxae6Jq2PdfE=,M55vb6uRtNPxWEWWmj9rxq4AV2Q=
-18,37,7lNl8jgcHPdvY5wAxae6Jq2PdfE=,vj6O409NaYgQU4aK1/ksn4G9kSk=
-21,36,7lNl8jgcHPdvY5wAxae6Jq2PdfE=,M55vb6uRtNPxWEWWmj9rxq4AV2Q=
-19,40,7lNl8jgcHPdvY5wAxae6Jq2PdfE=,80BpKZorN0CXx2ez2W+azUo4Br8=
-17,40,7lNl8jgcHPdvY5wAxae6Jq2PdfE=,s8VsUesLMzbiNbDMlGLrGQqyNDE=
-17,37,7lNl8jgcHPdvY5wAxae6Jq2PdfE=,vj6O409NaYgQU4aK1/ksn4G9kSk=
-23,40,7lNl8jgcHPdvY5wAxae6Jq2PdfE=,575hKN+FsmFBXJvlyOZYWl1T788=
-20,40,7lNl8jgcHPdvY5wAxae6Jq2PdfE=,80BpKZorN0CXx2ez2W+azUo4Br8=
-18,39,7lNl8jgcHPdvY5wAxae6Jq2PdfE=,CsReYys6ERXwyejVVsH4Ocg/SpM=
-19,38,7lNl8jgcHPdvY5wAxae6Jq2PdfE=,gYqj/LOKr1HZe4cUHBwkHc6uXE4=
-17,34,7lNl8jgcHPdvY5wAxae6Jq2PdfE=,dn7glSyl7OM0P+SOaQ1ZlKXI3S4=
-18,38,7lNl8jgcHPdvY5wAxae6Jq2PdfE=,CsReYys6ERXwyejVVsH4Ocg/SpM=
-17,35,7lNl8jgcHPdvY5wAxae6Jq2PdfE=,dn7glSyl7OM0P+SOaQ1ZlKXI3S4=
-20,39,7lNl8jgcHPdvY5wAxae6Jq2PdfE=,gYqj/LOKr1HZe4cUHBwkHc6uXE4=
-17,36,7lNl8jgcHPdvY5wAxae6Jq2PdfE=,vj6O409NaYgQU4aK1/ksn4G9kSk=
-21,39,7lNl8jgcHPdvY5wAxae6Jq2PdfE=,SVIjfsazRGjNpZ7MBAiIkCUiWpo=
-20,37,7lNl8jgcHPdvY5wAxae6Jq2PdfE=,Tf7nX22zAnSDl/bBiJ4KZwa7WtI=
-22,39,7lNl8jgcHPdvY5wAxae6Jq2PdfE=,SVIjfsazRGjNpZ7MBAiIkCUiWpo=
-32,32,7lNl8jgcHPdvY5wAxae6Jq2PdfE=,zwgI7LxK7pX3LmS6rj2i1kyuUCA=
-22,40,7lNl8jgcHPdvY5wAxae6Jq2PdfE=,YGcR3apuW7MrYchsIjaa/d79iaE=
-21,40,7lNl8jgcHPdvY5wAxae6Jq2PdfE=,YGcR3apuW7MrYchsIjaa/d79iaE=
-23,39,7lNl8jgcHPdvY5wAxae6Jq2PdfE=,Ia4P/BEGS1vk78Mo0eLZ9JATXu4=
-17,33,7lNl8jgcHPdvY5wAxae6Jq2PdfE=,14a9kI+N8BeKDTHwuYEe/Z04aU0=
-19,32,7lNl8jgcHPdvY5wAxae6Jq2PdfE=,wRrTMbbY3C0h9K018YGN82v9bAM=
-18,32,7lNl8jgcHPdvY5wAxae6Jq2PdfE=,14a9kI+N8BeKDTHwuYEe/Z04aU0=
-17,32,7lNl8jgcHPdvY5wAxae6Jq2PdfE=,14a9kI+N8BeKDTHwuYEe/Z04aU0=
-21,32,7lNl8jgcHPdvY5wAxae6Jq2PdfE=,1dOQPISvUkbAEVEJH/8Wobl4dVA=
-20,32,7lNl8jgcHPdvY5wAxae6Jq2PdfE=,wRrTMbbY3C0h9K018YGN82v9bAM=
-17,39,7lNl8jgcHPdvY5wAxae6Jq2PdfE=,CsReYys6ERXwyejVVsH4Ocg/SpM=
-17,38,7lNl8jgcHPdvY5wAxae6Jq2PdfE=,CsReYys6ERXwyejVVsH4Ocg/SpM=
-20,36,7lNl8jgcHPdvY5wAxae6Jq2PdfE=,Tf7nX22zAnSDl/bBiJ4KZwa7WtI=
-19,36,7lNl8jgcHPdvY5wAxae6Jq2PdfE=,Tf7nX22zAnSDl/bBiJ4KZwa7WtI=
-19,37,7lNl8jgcHPdvY5wAxae6Jq2PdfE=,Tf7nX22zAnSDl/bBiJ4KZwa7WtI=
-11,34,psZGPt6xAuIeWiyxD0EsxGmeqbc=,JZp3CvfJXRHKm6TC8+gVIViYJos=
-10,33,psZGPt6xAuIeWiyxD0EsxGmeqbc=,uVzU+9AcZdzi701XwZ3tHlijOUg=
-11,33,psZGPt6xAuIeWiyxD0EsxGmeqbc=,Ldqo8CgEN0CB5aCD4jQ1wCDlU4c=
-10,34,psZGPt6xAuIeWiyxD0EsxGmeqbc=,/MHEgXbX6oAY0PCkJtZAnzyxhUo=
-12,34,psZGPt6xAuIeWiyxD0EsxGmeqbc=,JZp3CvfJXRHKm6TC8+gVIViYJos=
-13,33,psZGPt6xAuIeWiyxD0EsxGmeqbc=,bBQsTuUCvaekSlZ+ysSZFrowSxY=
-12,33,psZGPt6xAuIeWiyxD0EsxGmeqbc=,Ldqo8CgEN0CB5aCD4jQ1wCDlU4c=
-13,34,psZGPt6xAuIeWiyxD0EsxGmeqbc=,MPEoxvlZUvrqCiW78XaXOuA/ZB8=
-15,35,psZGPt6xAuIeWiyxD0EsxGmeqbc=,ILfjlmPaaznk3Gve4whs71wSTXs=
-15,38,psZGPt6xAuIeWiyxD0EsxGmeqbc=,IAYv7v5HkmPCuzspIklIdqGkuAc=
-15,36,psZGPt6xAuIeWiyxD0EsxGmeqbc=,g2ZI1tg0YTw+A1/b5FxTkoy8lXo=
-14,36,psZGPt6xAuIeWiyxD0EsxGmeqbc=,fNLXiZbcw1CNcFaGK+Avy8e5oFU=
-14,35,psZGPt6xAuIeWiyxD0EsxGmeqbc=,MPEoxvlZUvrqCiW78XaXOuA/ZB8=
-15,37,psZGPt6xAuIeWiyxD0EsxGmeqbc=,g2ZI1tg0YTw+A1/b5FxTkoy8lXo=
-14,37,psZGPt6xAuIeWiyxD0EsxGmeqbc=,fNLXiZbcw1CNcFaGK+Avy8e5oFU=
-14,38,psZGPt6xAuIeWiyxD0EsxGmeqbc=,iaDb24DORDsKqEM4Ha970mLOdG4=
-9,37,GD21SO//QUkSdpclSTCEMWwPy4Q=,3SWB5F/VJpP116tjnri4UjCDJ8o=
-8,37,GD21SO//QUkSdpclSTCEMWwPy4Q=,sWTS/cd1rWVOJjmrXYoW00590vo=
-8,38,GD21SO//QUkSdpclSTCEMWwPy4Q=,guze0/JLf0vbrgg81mLvgHeLZUI=
-9,38,GD21SO//QUkSdpclSTCEMWwPy4Q=,b4EFyervsNFRO7dOqXAmw0SunG0=
-6,38,GD21SO//QUkSdpclSTCEMWwPy4Q=,vlAU4NwUnlhe89u/TwhE2Yxut4k=
-7,38,GD21SO//QUkSdpclSTCEMWwPy4Q=,guze0/JLf0vbrgg81mLvgHeLZUI=
-6,37,GD21SO//QUkSdpclSTCEMWwPy4Q=,1Amblurs0imkGXSWEI6bkW2y4x4=
-7,37,GD21SO//QUkSdpclSTCEMWwPy4Q=,sWTS/cd1rWVOJjmrXYoW00590vo=
-4,37,GD21SO//QUkSdpclSTCEMWwPy4Q=,Jgy6fRaRQoHxSMgrlVwWDgPMGTM=
-4,38,GD21SO//QUkSdpclSTCEMWwPy4Q=,Tvyw3aYcfw58X2jcO4QN78Jse4c=
-5,38,GD21SO//QUkSdpclSTCEMWwPy4Q=,vlAU4NwUnlhe89u/TwhE2Yxut4k=
-5,37,GD21SO//QUkSdpclSTCEMWwPy4Q=,1Amblurs0imkGXSWEI6bkW2y4x4=
-2,40,GD21SO//QUkSdpclSTCEMWwPy4Q=,JtuPuTYOtwyTLE/YZIVqr26b/7U=
-3,40,GD21SO//QUkSdpclSTCEMWwPy4Q=,gSrq+meOEMhOERKvENF79+ipl2c=
-3,37,GD21SO//QUkSdpclSTCEMWwPy4Q=,Jgy6fRaRQoHxSMgrlVwWDgPMGTM=
-2,39,GD21SO//QUkSdpclSTCEMWwPy4Q=,JtuPuTYOtwyTLE/YZIVqr26b/7U=
-2,37,GD21SO//QUkSdpclSTCEMWwPy4Q=,c9iLmrNzmOfXZ4qxg8pge/9mho0=
-2,38,GD21SO//QUkSdpclSTCEMWwPy4Q=,JtuPuTYOtwyTLE/YZIVqr26b/7U=
-3,39,GD21SO//QUkSdpclSTCEMWwPy4Q=,Tvyw3aYcfw58X2jcO4QN78Jse4c=
-3,38,GD21SO//QUkSdpclSTCEMWwPy4Q=,Tvyw3aYcfw58X2jcO4QN78Jse4c=
-3,36,GD21SO//QUkSdpclSTCEMWwPy4Q=,Jgy6fRaRQoHxSMgrlVwWDgPMGTM=
-2,36,GD21SO//QUkSdpclSTCEMWwPy4Q=,c9iLmrNzmOfXZ4qxg8pge/9mho0=
-5,36,GD21SO//QUkSdpclSTCEMWwPy4Q=,1Amblurs0imkGXSWEI6bkW2y4x4=
-4,35,GD21SO//QUkSdpclSTCEMWwPy4Q=,rkDFo2qQJEC8ZWVC1tkIjjepzf0=
-4,36,GD21SO//QUkSdpclSTCEMWwPy4Q=,Jgy6fRaRQoHxSMgrlVwWDgPMGTM=
-5,35,GD21SO//QUkSdpclSTCEMWwPy4Q=,BtI7b/fH+4vK1qs6q6kgjSve6zU=
-3,35,eDLStnWyrapFZW8Sk05qWvKXLjE=,rkDFo2qQJEC8ZWVC1tkIjjepzf0=
-2,35,eDLStnWyrapFZW8Sk05qWvKXLjE=,Z4Bq6hqL+WxmV0xQN8Eznyd6uj4=
-5,34,eDLStnWyrapFZW8Sk05qWvKXLjE=,BtI7b/fH+4vK1qs6q6kgjSve6zU=
-4,33,eDLStnWyrapFZW8Sk05qWvKXLjE=,+cIPjoIITyhd/kqo5Om2q0vZUrU=
-4,34,eDLStnWyrapFZW8Sk05qWvKXLjE=,rkDFo2qQJEC8ZWVC1tkIjjepzf0=
-5,33,eDLStnWyrapFZW8Sk05qWvKXLjE=,3noo+vyRcSGSp/hTWF7ENcZYUqk=
-7,36,eDLStnWyrapFZW8Sk05qWvKXLjE=,sWTS/cd1rWVOJjmrXYoW00590vo=
-6,35,eDLStnWyrapFZW8Sk05qWvKXLjE=,BtI7b/fH+4vK1qs6q6kgjSve6zU=
-6,36,eDLStnWyrapFZW8Sk05qWvKXLjE=,1Amblurs0imkGXSWEI6bkW2y4x4=
-7,35,eDLStnWyrapFZW8Sk05qWvKXLjE=,emiNTOO5tH2V1h53URpVQ7DaYX8=
-9,35,eDLStnWyrapFZW8Sk05qWvKXLjE=,/MHEgXbX6oAY0PCkJtZAnzyxhUo=
-9,36,eDLStnWyrapFZW8Sk05qWvKXLjE=,3SWB5F/VJpP116tjnri4UjCDJ8o=
-8,35,eDLStnWyrapFZW8Sk05qWvKXLjE=,emiNTOO5tH2V1h53URpVQ7DaYX8=
-3,33,eDLStnWyrapFZW8Sk05qWvKXLjE=,+cIPjoIITyhd/kqo5Om2q0vZUrU=
-8,36,eDLStnWyrapFZW8Sk05qWvKXLjE=,sWTS/cd1rWVOJjmrXYoW00590vo=
-2,33,eDLStnWyrapFZW8Sk05qWvKXLjE=,IiTDryji6O0+gbrgVhJ+Jx4+DKQ=
-6,34,eDLStnWyrapFZW8Sk05qWvKXLjE=,BtI7b/fH+4vK1qs6q6kgjSve6zU=
-7,33,eDLStnWyrapFZW8Sk05qWvKXLjE=,8cOjZ5sMMzf5kIKvboMOKLbUeo4=
-2,34,eDLStnWyrapFZW8Sk05qWvKXLjE=,Z4Bq6hqL+WxmV0xQN8Eznyd6uj4=
-8,34,eDLStnWyrapFZW8Sk05qWvKXLjE=,emiNTOO5tH2V1h53URpVQ7DaYX8=
-6,33,eDLStnWyrapFZW8Sk05qWvKXLjE=,3noo+vyRcSGSp/hTWF7ENcZYUqk=
-8,33,eDLStnWyrapFZW8Sk05qWvKXLjE=,8cOjZ5sMMzf5kIKvboMOKLbUeo4=
-3,34,eDLStnWyrapFZW8Sk05qWvKXLjE=,rkDFo2qQJEC8ZWVC1tkIjjepzf0=
-7,34,eDLStnWyrapFZW8Sk05qWvKXLjE=,emiNTOO5tH2V1h53URpVQ7DaYX8=
-9,34,McSM1p9eG5RDxzIWiakeZR6fZLM=,/MHEgXbX6oAY0PCkJtZAnzyxhUo=
-9,33,McSM1p9eG5RDxzIWiakeZR6fZLM=,uVzU+9AcZdzi701XwZ3tHlijOUg=
-8,32,McSM1p9eG5RDxzIWiakeZR6fZLM=,8cOjZ5sMMzf5kIKvboMOKLbUeo4=
-13,32,McSM1p9eG5RDxzIWiakeZR6fZLM=,bBQsTuUCvaekSlZ+ysSZFrowSxY=
-10,32,McSM1p9eG5RDxzIWiakeZR6fZLM=,uVzU+9AcZdzi701XwZ3tHlijOUg=
-11,32,McSM1p9eG5RDxzIWiakeZR6fZLM=,Ldqo8CgEN0CB5aCD4jQ1wCDlU4c=
-12,32,McSM1p9eG5RDxzIWiakeZR6fZLM=,Ldqo8CgEN0CB5aCD4jQ1wCDlU4c=
-9,32,McSM1p9eG5RDxzIWiakeZR6fZLM=,uVzU+9AcZdzi701XwZ3tHlijOUg=
-15,40,McSM1p9eG5RDxzIWiakeZR6fZLM=,2CVWL07a6dMD6w8+TJe98xB1fZk=
-14,40,McSM1p9eG5RDxzIWiakeZR6fZLM=,8RIMmCBO/xr8M5Xtva2o4xgDdz4=
-15,34,McSM1p9eG5RDxzIWiakeZR6fZLM=,ILfjlmPaaznk3Gve4whs71wSTXs=
-16,38,McSM1p9eG5RDxzIWiakeZR6fZLM=,IAYv7v5HkmPCuzspIklIdqGkuAc=
-16,35,McSM1p9eG5RDxzIWiakeZR6fZLM=,ILfjlmPaaznk3Gve4whs71wSTXs=
-16,36,McSM1p9eG5RDxzIWiakeZR6fZLM=,g2ZI1tg0YTw+A1/b5FxTkoy8lXo=
-13,40,McSM1p9eG5RDxzIWiakeZR6fZLM=,8RIMmCBO/xr8M5Xtva2o4xgDdz4=
-12,40,McSM1p9eG5RDxzIWiakeZR6fZLM=,jCpOl+WXAKFUSkO+sij+7N/+I6E=
-15,39,McSM1p9eG5RDxzIWiakeZR6fZLM=,IAYv7v5HkmPCuzspIklIdqGkuAc=
-16,34,McSM1p9eG5RDxzIWiakeZR6fZLM=,ILfjlmPaaznk3Gve4whs71wSTXs=
-14,32,McSM1p9eG5RDxzIWiakeZR6fZLM=,bBQsTuUCvaekSlZ+ysSZFrowSxY=
-11,40,McSM1p9eG5RDxzIWiakeZR6fZLM=,jCpOl+WXAKFUSkO+sij+7N/+I6E=
-15,33,McSM1p9eG5RDxzIWiakeZR6fZLM=,a7nFM7MOpZQf0hPH/GpSI7ZJhlA=
-16,37,McSM1p9eG5RDxzIWiakeZR6fZLM=,g2ZI1tg0YTw+A1/b5FxTkoy8lXo=
-14,34,ELJvRzS4eCqyCCJG4/5A6l9y588=,MPEoxvlZUvrqCiW78XaXOuA/ZB8=
-10,40,ELJvRzS4eCqyCCJG4/5A6l9y588=,GscZzPc5dJYvuzb0W0iXVAYI7Wc=
-14,39,ELJvRzS4eCqyCCJG4/5A6l9y588=,iaDb24DORDsKqEM4Ha970mLOdG4=
-9,39,ELJvRzS4eCqyCCJG4/5A6l9y588=,b4EFyervsNFRO7dOqXAmw0SunG0=
-15,32,ELJvRzS4eCqyCCJG4/5A6l9y588=,a7nFM7MOpZQf0hPH/GpSI7ZJhlA=
-16,33,ELJvRzS4eCqyCCJG4/5A6l9y588=,a7nFM7MOpZQf0hPH/GpSI7ZJhlA=
-9,40,ELJvRzS4eCqyCCJG4/5A6l9y588=,GscZzPc5dJYvuzb0W0iXVAYI7Wc=
-14,33,ELJvRzS4eCqyCCJG4/5A6l9y588=,bBQsTuUCvaekSlZ+ysSZFrowSxY=
-7,39,ELJvRzS4eCqyCCJG4/5A6l9y588=,guze0/JLf0vbrgg81mLvgHeLZUI=
-8,39,ELJvRzS4eCqyCCJG4/5A6l9y588=,guze0/JLf0vbrgg81mLvgHeLZUI=
-8,40,ELJvRzS4eCqyCCJG4/5A6l9y588=,spr56cTck8y5p2KkombYIrgEUPM=
-10,39,ELJvRzS4eCqyCCJG4/5A6l9y588=,b4EFyervsNFRO7dOqXAmw0SunG0=
-12,39,ELJvRzS4eCqyCCJG4/5A6l9y588=,+cKOckm/uOlEWE2lDFtD1FpdZcg=
-13,39,ELJvRzS4eCqyCCJG4/5A6l9y588=,iaDb24DORDsKqEM4Ha970mLOdG4=
-7,40,ELJvRzS4eCqyCCJG4/5A6l9y588=,spr56cTck8y5p2KkombYIrgEUPM=
-4,40,ELJvRzS4eCqyCCJG4/5A6l9y588=,gSrq+meOEMhOERKvENF79+ipl2c=
-11,39,ELJvRzS4eCqyCCJG4/5A6l9y588=,+cKOckm/uOlEWE2lDFtD1FpdZcg=
-1,40,ELJvRzS4eCqyCCJG4/5A6l9y588=,JtuPuTYOtwyTLE/YZIVqr26b/7U=
-5,39,ELJvRzS4eCqyCCJG4/5A6l9y588=,vlAU4NwUnlhe89u/TwhE2Yxut4k=
-4,39,ELJvRzS4eCqyCCJG4/5A6l9y588=,Tvyw3aYcfw58X2jcO4QN78Jse4c=
-1,39,ELJvRzS4eCqyCCJG4/5A6l9y588=,JtuPuTYOtwyTLE/YZIVqr26b/7U=
-16,40,ELJvRzS4eCqyCCJG4/5A6l9y588=,2CVWL07a6dMD6w8+TJe98xB1fZk=
-6,39,ELJvRzS4eCqyCCJG4/5A6l9y588=,vlAU4NwUnlhe89u/TwhE2Yxut4k=
-1,37,ELJvRzS4eCqyCCJG4/5A6l9y588=,c9iLmrNzmOfXZ4qxg8pge/9mho0=
-1,36,ELJvRzS4eCqyCCJG4/5A6l9y588=,c9iLmrNzmOfXZ4qxg8pge/9mho0=
-1,34,ELJvRzS4eCqyCCJG4/5A6l9y588=,Z4Bq6hqL+WxmV0xQN8Eznyd6uj4=
-16,39,ELJvRzS4eCqyCCJG4/5A6l9y588=,IAYv7v5HkmPCuzspIklIdqGkuAc=
-1,38,ELJvRzS4eCqyCCJG4/5A6l9y588=,JtuPuTYOtwyTLE/YZIVqr26b/7U=
-1,33,ELJvRzS4eCqyCCJG4/5A6l9y588=,IiTDryji6O0+gbrgVhJ+Jx4+DKQ=
-1,32,ELJvRzS4eCqyCCJG4/5A6l9y588=,IiTDryji6O0+gbrgVhJ+Jx4+DKQ=
-5,40,ELJvRzS4eCqyCCJG4/5A6l9y588=,h33F39ffZc4++1rK9qOuC2w0tf4=
-6,40,ELJvRzS4eCqyCCJG4/5A6l9y588=,h33F39ffZc4++1rK9qOuC2w0tf4=
-1,35,ELJvRzS4eCqyCCJG4/5A6l9y588=,Z4Bq6hqL+WxmV0xQN8Eznyd6uj4=
-16,32,ELJvRzS4eCqyCCJG4/5A6l9y588=,a7nFM7MOpZQf0hPH/GpSI7ZJhlA=
-3,32,ELJvRzS4eCqyCCJG4/5A6l9y588=,+cIPjoIITyhd/kqo5Om2q0vZUrU=
-4,32,ELJvRzS4eCqyCCJG4/5A6l9y588=,+cIPjoIITyhd/kqo5Om2q0vZUrU=
-7,32,ELJvRzS4eCqyCCJG4/5A6l9y588=,8cOjZ5sMMzf5kIKvboMOKLbUeo4=
-2,32,ELJvRzS4eCqyCCJG4/5A6l9y588=,IiTDryji6O0+gbrgVhJ+Jx4+DKQ=
-6,32,ELJvRzS4eCqyCCJG4/5A6l9y588=,3noo+vyRcSGSp/hTWF7ENcZYUqk=
-5,32,ELJvRzS4eCqyCCJG4/5A6l9y588=,3noo+vyRcSGSp/hTWF7ENcZYUqk=
-11,35,ELJvRzS4eCqyCCJG4/5A6l9y588=,JZp3CvfJXRHKm6TC8+gVIViYJos=
-12,35,ELJvRzS4eCqyCCJG4/5A6l9y588=,JZp3CvfJXRHKm6TC8+gVIViYJos=
-12,38,ELJvRzS4eCqyCCJG4/5A6l9y588=,+cKOckm/uOlEWE2lDFtD1FpdZcg=
-13,36,ELJvRzS4eCqyCCJG4/5A6l9y588=,fNLXiZbcw1CNcFaGK+Avy8e5oFU=
-11,38,ELJvRzS4eCqyCCJG4/5A6l9y588=,+cKOckm/uOlEWE2lDFtD1FpdZcg=
-12,37,ELJvRzS4eCqyCCJG4/5A6l9y588=,6D0WcPhlel6D10UGKLij7nH5ijA=
-12,36,ELJvRzS4eCqyCCJG4/5A6l9y588=,6D0WcPhlel6D10UGKLij7nH5ijA=
-10,38,ELJvRzS4eCqyCCJG4/5A6l9y588=,b4EFyervsNFRO7dOqXAmw0SunG0=
-13,35,ELJvRzS4eCqyCCJG4/5A6l9y588=,MPEoxvlZUvrqCiW78XaXOuA/ZB8=
-10,35,ELJvRzS4eCqyCCJG4/5A6l9y588=,/MHEgXbX6oAY0PCkJtZAnzyxhUo=
-11,37,ELJvRzS4eCqyCCJG4/5A6l9y588=,6D0WcPhlel6D10UGKLij7nH5ijA=
-13,37,ELJvRzS4eCqyCCJG4/5A6l9y588=,fNLXiZbcw1CNcFaGK+Avy8e5oFU=
-13,38,ELJvRzS4eCqyCCJG4/5A6l9y588=,iaDb24DORDsKqEM4Ha970mLOdG4=
-10,36,ELJvRzS4eCqyCCJG4/5A6l9y588=,3SWB5F/VJpP116tjnri4UjCDJ8o=
-11,36,ELJvRzS4eCqyCCJG4/5A6l9y588=,6D0WcPhlel6D10UGKLij7nH5ijA=
-10,37,ELJvRzS4eCqyCCJG4/5A6l9y588=,3SWB5F/VJpP116tjnri4UjCDJ8o=
