-21,11,k+CMLLSR0Xsg0LXxmWO78UtmQuw=,BD/uF9VPjINWYlXHhMnbuOWZU4Y=
-21,10,k+CMLLSR0Xsg0LXxmWO78UtmQuw=,BD/uF9VPjINWYlXHhMnbuOWZU4Y=
-21,9,k+CMLLSR0Xsg0LXxmWO78UtmQuw=,BD/uF9VPjINWYlXHhMnbuOWZU4Y=
-21,8,k+CMLLSR0Xsg0LXxmWO78UtmQuw=,BD/uF9VPjINWYlXHhMnbuOWZU4Y=
-21,15,k+CMLLSR0Xsg0LXxmWO78UtmQuw=,BD/uF9VPjINWYlXHhMnbuOWZU4Y=
-21,14,k+CMLLSR0Xsg0LXxmWO78UtmQuw=,BD/uF9VPjINWYlXHhMnbuOWZU4Y=
-21,13,k+CMLLSR0Xsg0LXxmWO78UtmQuw=,BD/uF9VPjINWYlXHhMnbuOWZU4Y=
-21,12,k+CMLLSR0Xsg0LXxmWO78UtmQuw=,BD/uF9VPjINWYlXHhMnbuOWZU4Y=
-21,3,k+CMLLSR0Xsg0LXxmWO78UtmQuw=,/quN80be5tRzdH3MKSgLgMHK4CU=
-21,2,k+CMLLSR0Xsg0LXxmWO78UtmQuw=,/quN80be5tRzdH3MKSgLgMHK4CU=
-21,1,k+CMLLSR0Xsg0LXxmWO78UtmQuw=,/quN80be5tRzdH3MKSgLgMHK4CU=
-21,0,k+CMLLSR0Xsg0LXxmWO78UtmQuw=,/quN80be5tRzdH3MKSgLgMHK4CU=
-21,7,k+CMLLSR0Xsg0LXxmWO78UtmQuw=,/quN80be5tRzdH3MKSgLgMHK4CU=
-21,6,k+CMLLSR0Xsg0LXxmWO78UtmQuw=,/quN80be5tRzdH3MKSgLgMHK4CU=
-21,5,k+CMLLSR0Xsg0LXxmWO78UtmQuw=,/quN80be5tRzdH3MKSgLgMHK4CU=
-21,4,k+CMLLSR0Xsg0LXxmWO78UtmQuw=,/quN80be5tRzdH3MKSgLgMHK4CU=
-21,19,k+CMLLSR0Xsg0LXxmWO78UtmQuw=,9ewYToXMrye4kL2scXBJMbGouwI=
-21,18,k+CMLLSR0Xsg0LXxmWO78UtmQuw=,2S166dgLzVSJ8O9hYmFkbqt++dQ=
-21,17,k+CMLLSR0Xsg0LXxmWO78UtmQuw=,vk9dVE6Nh5g7FX01O3ieHQfa3h0=
-21,16,k+CMLLSR0Xsg0LXxmWO78UtmQuw=,vk9dVE6Nh5g7FX01O3ieHQfa3h0=
-21,20,k+CMLLSR0Xsg0LXxmWO78UtmQuw=,VFN59ISt02LsPB0vDsA4nXB1cvo=
-20,12,k+CMLLSR0Xsg0LXxmWO78UtmQuw=,E/MlVSp7tNh3l84sTBjquUccZ0c=
-20,13,k+CMLLSR0Xsg0LXxmWO78UtmQuw=,E/MlVSp7tNh3l84sTBjquUccZ0c=
-20,14,k+CMLLSR0Xsg0LXxmWO78UtmQuw=,M9doe8OIgPqv/fm2zUh+BwZhVm8=
-20,15,k+CMLLSR0Xsg0LXxmWO78UtmQuw=,oI+GA9x+sIn38ctS3XZiTvGReuk=
-20,8,k+CMLLSR0Xsg0LXxmWO78UtmQuw=,Wal1cacrXYQhx7VIje7vucYKQcs=
-20,9,k+CMLLSR0Xsg0LXxmWO78UtmQuw=,Wal1cacrXYQhx7VIje7vucYKQcs=
-20,10,k+CMLLSR0Xsg0LXxmWO78UtmQuw=,Wu47baKOXaLJf/9J6pHwqRzXvSk=
-20,11,k+CMLLSR0Xsg0LXxmWO78UtmQuw=,O5RHXasvSHEyRgDsqSy+HD22f6w=
-20,4,k+CMLLSR0Xsg0LXxmWO78UtmQuw=,eKjlnA9hyaXOJ+29cUg+pNnmjQw=
-20,5,k+CMLLSR0Xsg0LXxmWO78UtmQuw=,M+Rb7Y2FUaimTr77Qkg1rWUNNq0=
-20,6,k+CMLLSR0Xsg0LXxmWO78UtmQuw=,M+Rb7Y2FUaimTr77Qkg1rWUNNq0=
-20,7,k+CMLLSR0Xsg0LXxmWO78UtmQuw=,whOhGthB5M2gmVm3D5MasKCbhx8=
-20,0,k+CMLLSR0Xsg0LXxmWO78UtmQuw=,fG6JWvqLV647HB9HaG3tD3t/fto=
-20,1,KMHMUtcdTt3pgmiS0azuxlZOrsI=,typ99QT/v6dT1TkTYSsENm5Fltg=
-20,2,KMHMUtcdTt3pgmiS0azuxlZOrsI=,typ99QT/v6dT1TkTYSsENm5Fltg=
-20,3,KMHMUtcdTt3pgmiS0azuxlZOrsI=,typ99QT/v6dT1TkTYSsENm5Fltg=
-20,20,KMHMUtcdTt3pgmiS0azuxlZOrsI=,vk9dVE6Nh5g7FX01O3ieHQfa3h0=
-20,16,KMHMUtcdTt3pgmiS0azuxlZOrsI=,n5E0W0KZytUdRA2ls6wbhMpfS7E=
-20,17,KMHMUtcdTt3pgmiS0azuxlZOrsI=,pIR2cM3JpfYTmcO+4ZK7x7j46Mg=
-20,18,KMHMUtcdTt3pgmiS0azuxlZOrsI=,9VkvUdczX4D5NRimLCAxBSv2BZk=
-20,19,KMHMUtcdTt3pgmiS0azuxlZOrsI=,53SGQEFugHRhuMxBzwcVd657MME=
-19,13,KMHMUtcdTt3pgmiS0azuxlZOrsI=,jmxmtG2IMOWIvSAV45CddTexsLU=
-19,12,KMHMUtcdTt3pgmiS0azuxlZOrsI=,U3yK/1L9+iEQ+c+K2TdyniFxxV8=
-19,15,KMHMUtcdTt3pgmiS0azuxlZOrsI=,zNzLyBfQHzjlJ8mNMDfLJVDIUfk=
-19,14,KMHMUtcdTt3pgmiS0azuxlZOrsI=,KC0p6RQnQm/9zNXF6/Uv80/pYh4=
-19,9,KMHMUtcdTt3pgmiS0azuxlZOrsI=,Wu47baKOXaLJf/9J6pHwqRzXvSk=
-19,8,KMHMUtcdTt3pgmiS0azuxlZOrsI=,Wal1cacrXYQhx7VIje7vucYKQcs=
-19,11,KMHMUtcdTt3pgmiS0azuxlZOrsI=,b/bOPHDZL4y/OEMshSWYavE4SiA=
-19,10,KMHMUtcdTt3pgmiS0azuxlZOrsI=,Ycjh/At+zvoBW8e2vU8n2fYDIe0=
-19,5,KMHMUtcdTt3pgmiS0azuxlZOrsI=,XE5IzJRNgQALmYhneK2kzMVEYe4=
-19,4,KMHMUtcdTt3pgmiS0azuxlZOrsI=,9Y35VEe+eJzDgj7O3Mg6PYaoDd8=
-19,7,KMHMUtcdTt3pgmiS0azuxlZOrsI=,UZf3rNT1f/rmR6+aiiQxATIu3fw=
-19,6,KMHMUtcdTt3pgmiS0azuxlZOrsI=,XE5IzJRNgQALmYhneK2kzMVEYe4=
-19,1,KMHMUtcdTt3pgmiS0azuxlZOrsI=,rLfrRFz2yMOuCXxCwEVJ4ZoqdlY=
-19,0,KMHMUtcdTt3pgmiS0azuxlZOrsI=,z9m48zMo9YgpFcGK69WOvSOyQ8o=
-19,3,KMHMUtcdTt3pgmiS0azuxlZOrsI=,RK4yysScJUaVqSOe10/cttZKdco=
-19,2,KMHMUtcdTt3pgmiS0azuxlZOrsI=,VFYMhUaI9j+1S3WCbTP+Ytkaf00=
-19,20,KMHMUtcdTt3pgmiS0azuxlZOrsI=,9ewYToXMrye4kL2scXBJMbGouwI=
-19,17,KMHMUtcdTt3pgmiS0azuxlZOrsI=,ZBRsH0qAtDvsVxZzwFnzAnwilww=
-19,16,KMHMUtcdTt3pgmiS0azuxlZOrsI=,2BtyNR1Xz94M1aIRct2k8blEo/M=
-19,19,UDSTAwL4R/t0/7EnS+7n9HvgoQ8=,cmPH1C/MHVRSJV4cRev2ChkjWYM=
-19,18,UDSTAwL4R/t0/7EnS+7n9HvgoQ8=,PAjqxcdZRtqkNM5Zilx55itMshA=
-18,14,UDSTAwL4R/t0/7EnS+7n9HvgoQ8=,duQfNdzZ3yJY45F1hHIvyaj5eDs=
-18,15,UDSTAwL4R/t0/7EnS+7n9HvgoQ8=,fhO9hIBRvJQKs3w7RxyFObInOaI=
-18,12,UDSTAwL4R/t0/7EnS+7n9HvgoQ8=,znQup8aSaMUJDwcb8Y2uvlLpC7A=
-18,13,UDSTAwL4R/t0/7EnS+7n9HvgoQ8=,vLgYOsmq8+qhU3xdmdF0CWMgiMM=
-18,10,UDSTAwL4R/t0/7EnS+7n9HvgoQ8=,PbA/N3tZeOcb/os3uniNarW8mmU=
-18,11,UDSTAwL4R/t0/7EnS+7n9HvgoQ8=,rJVAzGfixnIp5AsnpeVlj4KZXlY=
-18,8,UDSTAwL4R/t0/7EnS+7n9HvgoQ8=,Wu47baKOXaLJf/9J6pHwqRzXvSk=
-18,9,UDSTAwL4R/t0/7EnS+7n9HvgoQ8=,Ycjh/At+zvoBW8e2vU8n2fYDIe0=
-18,6,UDSTAwL4R/t0/7EnS+7n9HvgoQ8=,ViVn4IRSM/+M5DvsJog03cmXzzI=
-18,7,UDSTAwL4R/t0/7EnS+7n9HvgoQ8=,ke3UmqSq09ue3LtLRCKiqlSJ4C8=
-18,4,UDSTAwL4R/t0/7EnS+7n9HvgoQ8=,G/k96ehqknBVPj9uSOSjknZl/O0=
-18,5,UDSTAwL4R/t0/7EnS+7n9HvgoQ8=,XE5IzJRNgQALmYhneK2kzMVEYe4=
-18,2,UDSTAwL4R/t0/7EnS+7n9HvgoQ8=,aqT6gR9nl4yJR/pj4YeBYB5JSqA=
-18,3,UDSTAwL4R/t0/7EnS+7n9HvgoQ8=,wmoXbexyLI6Z3cmXIHGlnJrVIJ0=
-18,0,UDSTAwL4R/t0/7EnS+7n9HvgoQ8=,lU6WlLdNdjasADeLRa50U3nqCxE=
-18,1,UDSTAwL4R/t0/7EnS+7n9HvgoQ8=,J2hyPoD0emYlCqtQPIir7INaFsg=
-18,20,UDSTAwL4R/t0/7EnS+7n9HvgoQ8=,UnTcX4wFVCCLbtxFefrLPpAy+3A=
-18,18,UDSTAwL4R/t0/7EnS+7n9HvgoQ8=,V5SONxhpEvu7UIX2/Wo3k2JQJig=
-18,19,UDSTAwL4R/t0/7EnS+7n9HvgoQ8=,tVTyfB1Bw2lEecJ/33pwpUcm/3s=
-18,16,UDSTAwL4R/t0/7EnS+7n9HvgoQ8=,6FTwooQfA0oyhwJc3fCNan8Z1cU=
-18,17,UDSTAwL4R/t0/7EnS+7n9HvgoQ8=,/v58Ylzqp++Zv+kCbMVyy+IhC/U=
-17,15,UDSTAwL4R/t0/7EnS+7n9HvgoQ8=,gQCweHkPy5JZ6Ho/2GrwfDAQ6+4=
-17,14,UDSTAwL4R/t0/7EnS+7n9HvgoQ8=,+YhGKuwHWU1vfaFC3X/CwKl94SA=
-17,13,t4cD3MGGLkpdAnHc7LNM/RIyyrE=,3PriCJ+ezRlGUWwQivvPcG4acy0=
-17,12,t4cD3MGGLkpdAnHc7LNM/RIyyrE=,NWEl3UH3t2oHQNR5uFWFWZUXsdA=
-17,11,t4cD3MGGLkpdAnHc7LNM/RIyyrE=,AHmKMm8YlBl0JDXFPiof/CUoz+4=
-17,10,t4cD3MGGLkpdAnHc7LNM/RIyyrE=,XGzQwge+PGrGj1o+tYAxKAHwiZg=
-17,9,t4cD3MGGLkpdAnHc7LNM/RIyyrE=,RTsSv91udF3Hey3JePft66R9JtM=
-17,8,t4cD3MGGLkpdAnHc7LNM/RIyyrE=,FcwqHWFGTc0l9EPegRqypsNSeZ0=
-17,7,t4cD3MGGLkpdAnHc7LNM/RIyyrE=,9yYLEvZHW2NyJhFQV0Jgm+/jMHg=
-17,6,t4cD3MGGLkpdAnHc7LNM/RIyyrE=,JnixopCNy61Yf1qRa4hpiHB4UyQ=
-17,5,t4cD3MGGLkpdAnHc7LNM/RIyyrE=,eOZfBWQxDeiN/mJzbIT8rO0Rvp8=
-17,4,t4cD3MGGLkpdAnHc7LNM/RIyyrE=,wmoXbexyLI6Z3cmXIHGlnJrVIJ0=
-17,3,t4cD3MGGLkpdAnHc7LNM/RIyyrE=,aqT6gR9nl4yJR/pj4YeBYB5JSqA=
-17,2,t4cD3MGGLkpdAnHc7LNM/RIyyrE=,aqT6gR9nl4yJR/pj4YeBYB5JSqA=
-17,1,t4cD3MGGLkpdAnHc7LNM/RIyyrE=,rndSqozn6Okj2InbXAih1wGf96U=
-17,0,t4cD3MGGLkpdAnHc7LNM/RIyyrE=,a5HtsbKXsjOELmTlelOcNVvTWpg=
-17,20,t4cD3MGGLkpdAnHc7LNM/RIyyrE=,UnTcX4wFVCCLbtxFefrLPpAy+3A=
-17,19,t4cD3MGGLkpdAnHc7LNM/RIyyrE=,v5gRaugiJMbIieTNdzaaD8NkuUA=
-17,18,t4cD3MGGLkpdAnHc7LNM/RIyyrE=,xjjMlgMH/3WmUelB2DJaUtFVWBQ=
-17,17,t4cD3MGGLkpdAnHc7LNM/RIyyrE=,jwDM877S5gcXAkZQpKOETCxwGHY=
-17,16,t4cD3MGGLkpdAnHc7LNM/RIyyrE=,fyjNRKJlQDFnpKvmQcYYozUGNlk=
-16,16,t4cD3MGGLkpdAnHc7LNM/RIyyrE=,BvAeJ5d5cREmWq3nl/M/jYW6dl4=
-16,17,t4cD3MGGLkpdAnHc7LNM/RIyyrE=,UkTEVDk6jRiKrbGrRSzUBkIKk0M=
-16,18,t4cD3MGGLkpdAnHc7LNM/RIyyrE=,YLmHDAHQYEDPwg5sl6liA/sYTpk=
-16,19,t4cD3MGGLkpdAnHc7LNM/RIyyrE=,uUFZ85AVC9/NRtRwkzf+/oierlw=
-16,20,t4cD3MGGLkpdAnHc7LNM/RIyyrE=,oXlgbrqZ+orh2gUlPc0IA2Ehips=
-16,0,Oflo3pEst+dqQaUESrhVcf6Q+C0=,SsVqZvZrNoADnsG/y4CxqmwjaIc=
-16,1,Oflo3pEst+dqQaUESrhVcf6Q+C0=,SsVqZvZrNoADnsG/y4CxqmwjaIc=
-16,2,Oflo3pEst+dqQaUESrhVcf6Q+C0=,SsVqZvZrNoADnsG/y4CxqmwjaIc=
-16,3,Oflo3pEst+dqQaUESrhVcf6Q+C0=,SsVqZvZrNoADnsG/y4CxqmwjaIc=
-16,4,Oflo3pEst+dqQaUESrhVcf6Q+C0=,SsVqZvZrNoADnsG/y4CxqmwjaIc=
-16,5,Oflo3pEst+dqQaUESrhVcf6Q+C0=,SsVqZvZrNoADnsG/y4CxqmwjaIc=
-16,6,Oflo3pEst+dqQaUESrhVcf6Q+C0=,SsVqZvZrNoADnsG/y4CxqmwjaIc=
-16,7,Oflo3pEst+dqQaUESrhVcf6Q+C0=,SsVqZvZrNoADnsG/y4CxqmwjaIc=
-16,8,Oflo3pEst+dqQaUESrhVcf6Q+C0=,CLPsKQFcPnNqG3++WwJs28PDZZ4=
-16,9,Oflo3pEst+dqQaUESrhVcf6Q+C0=,xg4vlTtt6j5+Bq2Qixu99RbD1PY=
-16,10,Oflo3pEst+dqQaUESrhVcf6Q+C0=,sSsHUtpX57G7jPIDkheAr9bCp6c=
-16,11,Oflo3pEst+dqQaUESrhVcf6Q+C0=,L1yGFB1cA/n/x7lRZRhlbbO5IYI=
-16,12,Oflo3pEst+dqQaUESrhVcf6Q+C0=,P0YnoRvHZBI5FZY53dzvg1jJ0qE=
-16,13,Oflo3pEst+dqQaUESrhVcf6Q+C0=,7RlnMiTBvXZUd0Tk5kS9xFXtzVg=
-16,14,Oflo3pEst+dqQaUESrhVcf6Q+C0=,/u3wcjXhmSlllMQT2kgqJXwIZRw=
-16,15,Oflo3pEst+dqQaUESrhVcf6Q+C0=,mkPCthKVYQTsfEnjl1/FP9mOhuU=
-15,17,Oflo3pEst+dqQaUESrhVcf6Q+C0=,kwS67PnNkSBQilR2lUib5Yxv6CQ=
-15,16,Oflo3pEst+dqQaUESrhVcf6Q+C0=,TL8FveAvCPAU3F79YhBycjqoS5E=
-15,19,Oflo3pEst+dqQaUESrhVcf6Q+C0=,RpeMfvB8/HzcbWD1+rx425oJvUo=
-15,18,Oflo3pEst+dqQaUESrhVcf6Q+C0=,NrWNTKClWhHFtkZVBE2xbTD9vEw=
-15,20,Oflo3pEst+dqQaUESrhVcf6Q+C0=,oXlgbrqZ+orh2gUlPc0IA2Ehips=
-15,1,Oflo3pEst+dqQaUESrhVcf6Q+C0=,SsVqZvZrNoADnsG/y4CxqmwjaIc=
-15,0,Oflo3pEst+dqQaUESrhVcf6Q+C0=,SsVqZvZrNoADnsG/y4CxqmwjaIc=
-15,3,Oflo3pEst+dqQaUESrhVcf6Q+C0=,Dc4omOuK3GtjUoiH7yRa4ktOTTk=
-15,2,Oflo3pEst+dqQaUESrhVcf6Q+C0=,KtgZXfaqr1ePwbtB+3Bm5e1STj4=
-15,5,Oflo3pEst+dqQaUESrhVcf6Q+C0=,gcoeDbY+Szm/vOKR/98Kj+v/HvA=
-15,4,8DRrMU5CsTpgVl7ROw3BJRzuu8g=,eeiLmDz7j2aH5XWW5coK3JSvpvo=
-15,7,8DRrMU5CsTpgVl7ROw3BJRzuu8g=,4mnarAh98CII1v4Bw2lkfn8c4V8=
-15,6,8DRrMU5CsTpgVl7ROw3BJRzuu8g=,J7M8xkRUJy8/cCM8LmpdYq6WOWI=
-15,9,8DRrMU5CsTpgVl7ROw3BJRzuu8g=,MT4Z1Pk5mfxiRYOveoxuiUDRRFU=
-15,8,8DRrMU5CsTpgVl7ROw3BJRzuu8g=,i6YZcmECve3A/Cl9OAWBNHHBGJs=
-15,11,8DRrMU5CsTpgVl7ROw3BJRzuu8g=,p330vyqQ5gkvmyYYdj5ymYTOk3A=
-15,10,8DRrMU5CsTpgVl7ROw3BJRzuu8g=,MT4Z1Pk5mfxiRYOveoxuiUDRRFU=
-15,13,8DRrMU5CsTpgVl7ROw3BJRzuu8g=,Us6IHNxKg1TtYTcXtFxTHGpqHLU=
-15,12,8DRrMU5CsTpgVl7ROw3BJRzuu8g=,P0YnoRvHZBI5FZY53dzvg1jJ0qE=
-15,15,8DRrMU5CsTpgVl7ROw3BJRzuu8g=,wMGJspSx9x7zg08/plVb089Ixno=
-15,14,8DRrMU5CsTpgVl7ROw3BJRzuu8g=,/6l3AX7O+AruLKqDu9vTPcB83CA=
-14,18,8DRrMU5CsTpgVl7ROw3BJRzuu8g=,2T8m61jAYdE+D2mK1SWxmAZVH7M=
-14,19,8DRrMU5CsTpgVl7ROw3BJRzuu8g=,13/khbDhwVaOz3EnYlILlxbMNVs=
-14,16,8DRrMU5CsTpgVl7ROw3BJRzuu8g=,6RvtnP6rkRek0kQYnyoRZqtx6C8=
-14,17,8DRrMU5CsTpgVl7ROw3BJRzuu8g=,uVkVIN2R/pAPya9Orw+G6xSIOa4=
-14,20,8DRrMU5CsTpgVl7ROw3BJRzuu8g=,oXlgbrqZ+orh2gUlPc0IA2Ehips=
-14,2,8DRrMU5CsTpgVl7ROw3BJRzuu8g=,wQx5OL6LY7DLPdiitA0gB6aFOGo=
-14,3,8DRrMU5CsTpgVl7ROw3BJRzuu8g=,iqSUbeIlVRdUouyg2bmev3O1IyM=
-14,0,8DRrMU5CsTpgVl7ROw3BJRzuu8g=,KtgZXfaqr1ePwbtB+3Bm5e1STj4=
-14,1,8DRrMU5CsTpgVl7ROw3BJRzuu8g=,JEsEkH2lJhEymOkNCthls6LJ9bM=
-14,6,8DRrMU5CsTpgVl7ROw3BJRzuu8g=,gO/q48FFLGLnVcslsX3xKKIJ8ss=
-14,7,8DRrMU5CsTpgVl7ROw3BJRzuu8g=,+sLkQhhE6dScypxXKyoFCBHwMPw=
-14,4,8DRrMU5CsTpgVl7ROw3BJRzuu8g=,kn2lJVvR2B8u0QJv/GcpRezwcRU=
-14,5,8DRrMU5CsTpgVl7ROw3BJRzuu8g=,kn2lJVvR2B8u0QJv/GcpRezwcRU=
-14,10,8DRrMU5CsTpgVl7ROw3BJRzuu8g=,MT4Z1Pk5mfxiRYOveoxuiUDRRFU=
-14,11,8DRrMU5CsTpgVl7ROw3BJRzuu8g=,p330vyqQ5gkvmyYYdj5ymYTOk3A=
-14,8,toVB9Tp8uVzQaUgtHdPCmxknxuw=,xuJep+P69CwkhOCmZKLCah48Xgo=
-14,9,toVB9Tp8uVzQaUgtHdPCmxknxuw=,MT4Z1Pk5mfxiRYOveoxuiUDRRFU=
-14,14,toVB9Tp8uVzQaUgtHdPCmxknxuw=,P0YnoRvHZBI5FZY53dzvg1jJ0qE=
-14,15,toVB9Tp8uVzQaUgtHdPCmxknxuw=,P0YnoRvHZBI5FZY53dzvg1jJ0qE=
-14,12,toVB9Tp8uVzQaUgtHdPCmxknxuw=,7RlnMiTBvXZUd0Tk5kS9xFXtzVg=
-14,13,toVB9Tp8uVzQaUgtHdPCmxknxuw=,P0YnoRvHZBI5FZY53dzvg1jJ0qE=
-13,19,toVB9Tp8uVzQaUgtHdPCmxknxuw=,YruV6/ZvXg1W8g+wKBcwZkQk8Os=
-13,18,toVB9Tp8uVzQaUgtHdPCmxknxuw=,/pUHS5LywbmbR5Zw8OkeBt/zL8M=
-13,17,toVB9Tp8uVzQaUgtHdPCmxknxuw=,UZayRIcDhAcU7WvyZD8eEQVozxU=
-13,16,toVB9Tp8uVzQaUgtHdPCmxknxuw=,6RvtnP6rkRek0kQYnyoRZqtx6C8=
-13,20,toVB9Tp8uVzQaUgtHdPCmxknxuw=,wwfH3VURUeWhyscV/S4xb+RxQU4=
-13,3,toVB9Tp8uVzQaUgtHdPCmxknxuw=,sx9ZmfteAyCL5xk3Gktzn3+KVOQ=
-13,2,toVB9Tp8uVzQaUgtHdPCmxknxuw=,3LBjpIzv9guywQJrnU5wclgVm/0=
-13,1,toVB9Tp8uVzQaUgtHdPCmxknxuw=,+F1YbWr6yDXBTJhsdVKsnBKcfK8=
-13,0,toVB9Tp8uVzQaUgtHdPCmxknxuw=,EoOGQ8X2ieSpp8PTsD3jT3x+NAE=
-13,7,toVB9Tp8uVzQaUgtHdPCmxknxuw=,+sLkQhhE6dScypxXKyoFCBHwMPw=
-13,6,toVB9Tp8uVzQaUgtHdPCmxknxuw=,zywp6U9Qp80BLNz5KJcqCwmLCpg=
-13,5,toVB9Tp8uVzQaUgtHdPCmxknxuw=,kn2lJVvR2B8u0QJv/GcpRezwcRU=
-13,4,toVB9Tp8uVzQaUgtHdPCmxknxuw=,kn2lJVvR2B8u0QJv/GcpRezwcRU=
-13,11,toVB9Tp8uVzQaUgtHdPCmxknxuw=,QuUs47B+YTDOjj/Q1UYHxmX9oy8=
-13,10,toVB9Tp8uVzQaUgtHdPCmxknxuw=,qRdg8/SzBcQkDPAPvSFCwfnPKo8=
-13,9,toVB9Tp8uVzQaUgtHdPCmxknxuw=,W/H3TW4TsuvgS/tfDOQW0HVDbgg=
-13,8,toVB9Tp8uVzQaUgtHdPCmxknxuw=,9leuGFN4zDZUXPtnBp5eV76O6KU=
-13,15,toVB9Tp8uVzQaUgtHdPCmxknxuw=,j/pxDAj+/+OhBnCOq8CUiNcV3W0=
-13,14,toVB9Tp8uVzQaUgtHdPCmxknxuw=,dHUfssxycQcj6tf5uiHSVuWciuw=
-13,13,toVB9Tp8uVzQaUgtHdPCmxknxuw=,o5qh/x2sjUEyqnAPVhhzvBgNJUc=
-13,12,jt9Bp0NJ5k0VSY9aKGymjDbmp5o=,fgjMrf0sYrS8t9iVFgWN5MzCzx8=
-12,20,jt9Bp0NJ5k0VSY9aKGymjDbmp5o=,ELbnRNbvVx4DUTYz2visAO0Beho=
-12,16,jt9Bp0NJ5k0VSY9aKGymjDbmp5o=,p2+W/nbdS78fFj438/7ouR40TXs=
-12,17,jt9Bp0NJ5k0VSY9aKGymjDbmp5o=,tZEqSKywksMoq5JxF33gHMovt/M=
-12,18,jt9Bp0NJ5k0VSY9aKGymjDbmp5o=,A6kYz9gVZ8LhL5AFiHOz+dwyapg=
-12,19,jt9Bp0NJ5k0VSY9aKGymjDbmp5o=,PGDZVcxsen+Py1ta8PGNiwEJc1E=
-12,4,jt9Bp0NJ5k0VSY9aKGymjDbmp5o=,RJwQZpg0upTk9O+VOhEXix/0IiM=
-12,5,jt9Bp0NJ5k0VSY9aKGymjDbmp5o=,nuG9BQKjdWBib3fegESqMyjBjpY=
-12,6,jt9Bp0NJ5k0VSY9aKGymjDbmp5o=,LB4nYIhXoWU4Cdt7ypyS5x2YMCM=
-12,7,jt9Bp0NJ5k0VSY9aKGymjDbmp5o=,+sLkQhhE6dScypxXKyoFCBHwMPw=
-12,0,jt9Bp0NJ5k0VSY9aKGymjDbmp5o=,U8V9O0iGFTAQUAh3lbW55f1bdPs=
-12,1,jt9Bp0NJ5k0VSY9aKGymjDbmp5o=,v5FgEArbWZMa8XtUd9+al1r5saM=
-12,2,jt9Bp0NJ5k0VSY9aKGymjDbmp5o=,PruOSOqouY0rfPtXtFxLwSlIVvA=
-12,3,jt9Bp0NJ5k0VSY9aKGymjDbmp5o=,kn2lJVvR2B8u0QJv/GcpRezwcRU=
-12,12,jt9Bp0NJ5k0VSY9aKGymjDbmp5o=,TYoEZA7T9IWAsJQDO8PTNRw+UIQ=
-12,13,jt9Bp0NJ5k0VSY9aKGymjDbmp5o=,7Ubj6qbN7kkejhUHE1o1Gl6EvTY=
-12,14,jt9Bp0NJ5k0VSY9aKGymjDbmp5o=,9Lx9NOKeNRjLF1/0NgrfTIPZ3GA=
-12,15,jt9Bp0NJ5k0VSY9aKGymjDbmp5o=,vnC8sKn6Q0beOJx2FowIRGYl0HU=
-12,8,jt9Bp0NJ5k0VSY9aKGymjDbmp5o=,lkHTp1svYjjg4vuykSFVTHsXsn0=
-12,9,jt9Bp0NJ5k0VSY9aKGymjDbmp5o=,EvP1gEs7c6O+wCPg6WmZFNBRA3U=
-12,10,jt9Bp0NJ5k0VSY9aKGymjDbmp5o=,ZtkY2Y/pcrx+/dU+cQ5nMwthVII=
-12,11,jt9Bp0NJ5k0VSY9aKGymjDbmp5o=,16+qNJS500UmlBbwL9723DhlYjU=
-11,20,jt9Bp0NJ5k0VSY9aKGymjDbmp5o=,oXlgbrqZ+orh2gUlPc0IA2Ehips=
-11,17,jt9Bp0NJ5k0VSY9aKGymjDbmp5o=,aCsVE2RB7kEpGNe+xTC//k0vu9Y=
-11,16,jt9Bp0NJ5k0VSY9aKGymjDbmp5o=,YV8neG4/oYateUbTgYPBE2MFggs=
-11,19,jt9Bp0NJ5k0VSY9aKGymjDbmp5o=,b6qF9g5ZWuAAg/qzWBdKKZC2ik8=
-11,18,tsZr6ea6cHa5WqADbXg9OO3Cpus=,/W0VMX1bFtfDzeio3wxjbcvBYZA=
-11,5,tsZr6ea6cHa5WqADbXg9OO3Cpus=,WZ554UNQYXsz3qfmffNXyBedJeE=
-11,4,tsZr6ea6cHa5WqADbXg9OO3Cpus=,fDEjhz/WAre3wMey5sOUfoLeqnk=
-11,7,tsZr6ea6cHa5WqADbXg9OO3Cpus=,+sLkQhhE6dScypxXKyoFCBHwMPw=
-11,6,tsZr6ea6cHa5WqADbXg9OO3Cpus=,O4rWo6f5MknSmMchtcFPD16pO4c=
-11,1,tsZr6ea6cHa5WqADbXg9OO3Cpus=,NhpfZpMDcXBPBdZYF3HqzMpQFRw=
-11,0,tsZr6ea6cHa5WqADbXg9OO3Cpus=,P+Wc6YM8Mt2NsEcmYpJJtn0PQZI=
-11,3,tsZr6ea6cHa5WqADbXg9OO3Cpus=,GFpecExa2sio9oXQU9V7TANV8G8=
-11,2,tsZr6ea6cHa5WqADbXg9OO3Cpus=,JemEnmXK2SOdoZFoB6qlHrlRI5c=
-11,13,tsZr6ea6cHa5WqADbXg9OO3Cpus=,7Ubj6qbN7kkejhUHE1o1Gl6EvTY=
-11,12,tsZr6ea6cHa5WqADbXg9OO3Cpus=,Z9pXjc0VJDw4CzvskY73EIKaSzo=
-11,15,tsZr6ea6cHa5WqADbXg9OO3Cpus=,vnC8sKn6Q0beOJx2FowIRGYl0HU=
-11,14,tsZr6ea6cHa5WqADbXg9OO3Cpus=,9Lx9NOKeNRjLF1/0NgrfTIPZ3GA=
-11,9,tsZr6ea6cHa5WqADbXg9OO3Cpus=,5g27gVHCbU9M/2Pd5vcDu9Phqeg=
-11,8,tsZr6ea6cHa5WqADbXg9OO3Cpus=,MkgO+PgUsGtuTd0whrADyDWB1KY=
-11,11,tsZr6ea6cHa5WqADbXg9OO3Cpus=,r4HyuVkdOUPjUMMSnac5CC4lubs=
-11,10,tsZr6ea6cHa5WqADbXg9OO3Cpus=,LgwDrCZj6jtWYmK8T1np7FgOXlk=
-10,20,tsZr6ea6cHa5WqADbXg9OO3Cpus=,oXlgbrqZ+orh2gUlPc0IA2Ehips=
-10,18,tsZr6ea6cHa5WqADbXg9OO3Cpus=,3ljFMzDLCD/Hg4rGrLul81/LrPY=
-10,19,tsZr6ea6cHa5WqADbXg9OO3Cpus=,3ljFMzDLCD/Hg4rGrLul81/LrPY=
-10,16,tsZr6ea6cHa5WqADbXg9OO3Cpus=,QigKsG2D7y5Eet1te2NuDAD2tlI=
-10,17,tsZr6ea6cHa5WqADbXg9OO3Cpus=,aKctvebQ06sVfCcmwMWpA0/Fxnk=
-10,6,tsZr6ea6cHa5WqADbXg9OO3Cpus=,u7H6h8AHksM40zAPOYoyJ1sp7GA=
-10,7,tsZr6ea6cHa5WqADbXg9OO3Cpus=,V0EZiblu9ZzJs97pWivy4YKuun8=
-10,4,tsZr6ea6cHa5WqADbXg9OO3Cpus=,O/yXW4aHWk9DZbjMq4q5aV63V0Y=
-10,5,tsZr6ea6cHa5WqADbXg9OO3Cpus=,OJhu9voJzdkFQ2pQMabnm7FDtrk=
-10,2,GVRR9//Ic5rbLsZpL6BlMTAa3zQ=,UNTkQMFcq0yQ/uZ5F4iDZXtaDqE=
-10,3,GVRR9//Ic5rbLsZpL6BlMTAa3zQ=,k7s1SG7bb61T3lTL+/zVoOLoD3I=
-10,0,GVRR9//Ic5rbLsZpL6BlMTAa3zQ=,IujC9dD7J52CZjbYQGeUTgtIRyQ=
-10,1,GVRR9//Ic5rbLsZpL6BlMTAa3zQ=,9FwRdWEBK4O3iC+8CybD9A2ITok=
-10,14,GVRR9//Ic5rbLsZpL6BlMTAa3zQ=,mF7rW2MXqmVlBPwViWMDxcBfrVQ=
-10,15,GVRR9//Ic5rbLsZpL6BlMTAa3zQ=,J7WAAgOtEgxjob/fuQLi3mZmsos=
-10,12,GVRR9//Ic5rbLsZpL6BlMTAa3zQ=,Igi5hAdDhg7gNXKUuyzUJdoGY6Q=
-10,13,GVRR9//Ic5rbLsZpL6BlMTAa3zQ=,+WzdQTEpmYfKCzsg6IZ2kivgGRs=
-10,10,GVRR9//Ic5rbLsZpL6BlMTAa3zQ=,uSmQwNrix4L4k+GZGUhOFS3zF/o=
-10,11,GVRR9//Ic5rbLsZpL6BlMTAa3zQ=,TXQsAaZuVlLWY13KawJvXfjJFfk=
-10,8,GVRR9//Ic5rbLsZpL6BlMTAa3zQ=,606zlK5E1cBk7FBrL2XnGjmlaYA=
-10,9,GVRR9//Ic5rbLsZpL6BlMTAa3zQ=,q73qHq1kkSAq/yI9INzqBhe0wi4=
-9,20,GVRR9//Ic5rbLsZpL6BlMTAa3zQ=,oXlgbrqZ+orh2gUlPc0IA2Ehips=
-9,19,GVRR9//Ic5rbLsZpL6BlMTAa3zQ=,3ljFMzDLCD/Hg4rGrLul81/LrPY=
-9,18,GVRR9//Ic5rbLsZpL6BlMTAa3zQ=,3ljFMzDLCD/Hg4rGrLul81/LrPY=
-9,17,GVRR9//Ic5rbLsZpL6BlMTAa3zQ=,OBOGW3F0AEbjUiLoKIx/BdJx1a4=
-9,16,GVRR9//Ic5rbLsZpL6BlMTAa3zQ=,zUYyMg8YBMiP/MaT+cG6QMi49qU=
-9,7,GVRR9//Ic5rbLsZpL6BlMTAa3zQ=,v6GCN/5RdtZ/V2tOFZ98shbSEhM=
-9,6,GVRR9//Ic5rbLsZpL6BlMTAa3zQ=,6ssR0oK7nRox46/PTIsES4KTRV8=
-9,5,GVRR9//Ic5rbLsZpL6BlMTAa3zQ=,6ssR0oK7nRox46/PTIsES4KTRV8=
-9,4,GVRR9//Ic5rbLsZpL6BlMTAa3zQ=,LtJbw3cDSU+NMBtsU9wqO7S6jSM=
-9,3,GVRR9//Ic5rbLsZpL6BlMTAa3zQ=,cXffOQT9aRyudjUWq0mqI7V4O/I=
-9,2,GVRR9//Ic5rbLsZpL6BlMTAa3zQ=,yv3oqE3E5n+0eh6kFPz2qOYR8Fs=
-9,1,GVRR9//Ic5rbLsZpL6BlMTAa3zQ=,Y6pVpuiJF+nKzkGH/wATGZcm7p4=
-9,0,GVRR9//Ic5rbLsZpL6BlMTAa3zQ=,DglPQSIJKYdg5KCHswZ/24WJGl0=
-9,15,GVRR9//Ic5rbLsZpL6BlMTAa3zQ=,JXDiA93IE1SsRvOZeVZD8P6epME=
-9,14,GVRR9//Ic5rbLsZpL6BlMTAa3zQ=,QsUA/KLKl8r71uWUiwa3gsWxk7k=
-9,13,/yHickiuP4uyqzvM6WBNGDWGQvU=,QsUA/KLKl8r71uWUiwa3gsWxk7k=
-9,12,/yHickiuP4uyqzvM6WBNGDWGQvU=,QsUA/KLKl8r71uWUiwa3gsWxk7k=
-9,11,/yHickiuP4uyqzvM6WBNGDWGQvU=,QsUA/KLKl8r71uWUiwa3gsWxk7k=
-9,10,/yHickiuP4uyqzvM6WBNGDWGQvU=,QsUA/KLKl8r71uWUiwa3gsWxk7k=
-9,9,/yHickiuP4uyqzvM6WBNGDWGQvU=,u8tjGDBYkrxoI+boAsM/ML9F2/E=
-9,8,/yHickiuP4uyqzvM6WBNGDWGQvU=,tFmJFWZvZYYz6H3Ozdy62dLhs4Q=
-8,16,/yHickiuP4uyqzvM6WBNGDWGQvU=,bbQr7i2l/Sb05HHzfrKQDagP6Jg=
-8,17,/yHickiuP4uyqzvM6WBNGDWGQvU=,WYHMWnabLe9KWi/+HcIM80te9r8=
-8,18,/yHickiuP4uyqzvM6WBNGDWGQvU=,yih5ScuSROqZZHFpwewSK17PLbQ=
-8,19,/yHickiuP4uyqzvM6WBNGDWGQvU=,GIvVPWOJJZoenTE3Fv1R91Luzfs=
-8,20,/yHickiuP4uyqzvM6WBNGDWGQvU=,Iset17ItWJrnqV8IiI4hdVdXfS4=
-8,8,/yHickiuP4uyqzvM6WBNGDWGQvU=,K6P5RmdZi9NaPBJxd9hzNwddNSU=
-8,9,/yHickiuP4uyqzvM6WBNGDWGQvU=,K6P5RmdZi9NaPBJxd9hzNwddNSU=
-8,10,/yHickiuP4uyqzvM6WBNGDWGQvU=,K6P5RmdZi9NaPBJxd9hzNwddNSU=
-8,11,/yHickiuP4uyqzvM6WBNGDWGQvU=,rXd3CRtpILBCA5jUIKrJbH1BpmM=
-8,12,/yHickiuP4uyqzvM6WBNGDWGQvU=,E/0ZU/jk2V8EVG4aM9GY0Q8FlwE=
-8,13,/yHickiuP4uyqzvM6WBNGDWGQvU=,ma7S6QH617WiHosHrpf5HioAJpw=
-8,14,/yHickiuP4uyqzvM6WBNGDWGQvU=,E/0ZU/jk2V8EVG4aM9GY0Q8FlwE=
-8,15,/yHickiuP4uyqzvM6WBNGDWGQvU=,xmN3AXHkQqmZe+zzs6byTCOveso=
-8,0,/yHickiuP4uyqzvM6WBNGDWGQvU=,I3QRHxLCDY7qSe2bZjZ8Sv32qNQ=
-8,1,/yHickiuP4uyqzvM6WBNGDWGQvU=,oUO4znP2NjXBkJMtAnRU2aRRkmY=
-8,2,/yHickiuP4uyqzvM6WBNGDWGQvU=,pdTu4zghzhnnAhE4qbHBL5G/dhU=
-8,3,/yHickiuP4uyqzvM6WBNGDWGQvU=,Ag4bFZJoLkIxbK2vnWrgpVWdTQM=
-8,4,/yHickiuP4uyqzvM6WBNGDWGQvU=,Ag4bFZJoLkIxbK2vnWrgpVWdTQM=
-8,5,/yHickiuP4uyqzvM6WBNGDWGQvU=,eLIP4uhM7DXFlb6qd5wAh8Lho4Q=
-8,6,/yHickiuP4uyqzvM6WBNGDWGQvU=,ucF0ZwLLwzKnYVH1If+zfJx84pI=
-8,7,/yHickiuP4uyqzvM6WBNGDWGQvU=,A4yk4XZq7gBzk+feTYKShRJNzY8=
-7,17,Gu3AyFNjpoHXYbF2CItC3nN+/ls=,mDWiFj+FGsKEKCbFMh8STCVMiQk=
-7,16,Gu3AyFNjpoHXYbF2CItC3nN+/ls=,HZ9b0Tj+Xv6GO+QowEIPPzrr3UU=
-7,19,Gu3AyFNjpoHXYbF2CItC3nN+/ls=,cvFfBBZpbHt4BbS7Os9IhzN9qQ8=
-7,18,Gu3AyFNjpoHXYbF2CItC3nN+/ls=,yFlgeVw86CqrMLnZ8+ciFzHJn6k=
-7,20,Gu3AyFNjpoHXYbF2CItC3nN+/ls=,QrMKEYxsAYpzWlbUMGNfm2BHBLg=
-7,9,Gu3AyFNjpoHXYbF2CItC3nN+/ls=,QIlOmRayljN9Qb0AvTZFNdW6N68=
-7,8,Gu3AyFNjpoHXYbF2CItC3nN+/ls=,Gt9tCX/f+MV5F7jFEO2IGrKBC5c=
-7,11,Gu3AyFNjpoHXYbF2CItC3nN+/ls=,ivVwQEDWcnUwgNlHbyfheo2jjXU=
-7,10,Gu3AyFNjpoHXYbF2CItC3nN+/ls=,ivVwQEDWcnUwgNlHbyfheo2jjXU=
-7,13,Gu3AyFNjpoHXYbF2CItC3nN+/ls=,6c7bp22XuN12ukWOta2eisukDZ8=
-7,12,Gu3AyFNjpoHXYbF2CItC3nN+/ls=,KFfWaEjMGrqwEeaHtm87/vlMcLk=
-7,15,Gu3AyFNjpoHXYbF2CItC3nN+/ls=,4hLqf80lHZjtyDUq0d0yxl9pGP8=
-7,14,Gu3AyFNjpoHXYbF2CItC3nN+/ls=,t22mgi3t9A2Sv1KqQbo/f1I/AmI=
-7,1,Gu3AyFNjpoHXYbF2CItC3nN+/ls=,lTmUCxw2BERgg7O5oqtM9MyVLUc=
-7,0,Gu3AyFNjpoHXYbF2CItC3nN+/ls=,KKl3pgSmZBOJVqxWPZRLcmJqvjo=
-7,3,Gu3AyFNjpoHXYbF2CItC3nN+/ls=,d58E+JL43v8+4Iv80yceB6ZxuuM=
-7,2,Gu3AyFNjpoHXYbF2CItC3nN+/ls=,OkUrKrr2w8XT6vJfQlEbVO7/Kxc=
-7,5,Gu3AyFNjpoHXYbF2CItC3nN+/ls=,d58E+JL43v8+4Iv80yceB6ZxuuM=
-7,4,Gu3AyFNjpoHXYbF2CItC3nN+/ls=,d58E+JL43v8+4Iv80yceB6ZxuuM=
-7,7,Gu3AyFNjpoHXYbF2CItC3nN+/ls=,YlBA1vLVsijLNCaTohXqFIdea3w=
-7,6,Gu3AyFNjpoHXYbF2CItC3nN+/ls=,7kHqR8v3+VEgdodve3G8cW3a8BQ=
-6,18,Gu3AyFNjpoHXYbF2CItC3nN+/ls=,B3yI/dKBGyRyd+Fpq3t0IDaWVE4=
-6,19,Gu3AyFNjpoHXYbF2CItC3nN+/ls=,B3yI/dKBGyRyd+Fpq3t0IDaWVE4=
-6,16,Gu3AyFNjpoHXYbF2CItC3nN+/ls=,arBfVWsrjZFguB2oLO1oD/1eVZ8=
-6,17,Gu3AyFNjpoHXYbF2CItC3nN+/ls=,QLAcSVbZ6hdk/5nGz/njJQFJEUc=
-6,20,Gu3AyFNjpoHXYbF2CItC3nN+/ls=,QrMKEYxsAYpzWlbUMGNfm2BHBLg=
-6,10,gWv2NKDZ31Ae+tjroHCh2Kmx868=,KW1x8JzmqZ22O1kf/GH+bsfZrKQ=
-6,11,gWv2NKDZ31Ae+tjroHCh2Kmx868=,dZtGm7rWKfyY1jhDgRKxNPL8hIs=
-6,8,gWv2NKDZ31Ae+tjroHCh2Kmx868=,4s2n8lcbroIirgjoGbeCIX/q8Vk=
-6,9,gWv2NKDZ31Ae+tjroHCh2Kmx868=,ZR1QKTWj8AC0T/2QsET+ZOcscvw=
-6,14,gWv2NKDZ31Ae+tjroHCh2Kmx868=,t22mgi3t9A2Sv1KqQbo/f1I/AmI=
-6,15,gWv2NKDZ31Ae+tjroHCh2Kmx868=,4hLqf80lHZjtyDUq0d0yxl9pGP8=
-6,12,gWv2NKDZ31Ae+tjroHCh2Kmx868=,7VjdKlUiDvffbC+VqTEeBfiHM1k=
-6,13,gWv2NKDZ31Ae+tjroHCh2Kmx868=,Q2finAcv/JQ4HsODNV2LgoOIMKU=
-6,2,gWv2NKDZ31Ae+tjroHCh2Kmx868=,l7b0hsFAztru9HsiXwx38CwEKwY=
-6,3,gWv2NKDZ31Ae+tjroHCh2Kmx868=,FU9aVxTr7DEn+3UrItTHKCYqgiY=
-6,0,gWv2NKDZ31Ae+tjroHCh2Kmx868=,To+bJi4CnLNgSPC+FlnneXRzSbo=
-6,1,gWv2NKDZ31Ae+tjroHCh2Kmx868=,/KKG6u8mBq2ohV9Tqm071vkaYUg=
-6,6,gWv2NKDZ31Ae+tjroHCh2Kmx868=,VzPB/0mwMp4PODklUzNLKi/n6Y8=
-6,7,gWv2NKDZ31Ae+tjroHCh2Kmx868=,QGp1cTv3dwwSGgG+M+f0nkBFqb0=
-6,4,gWv2NKDZ31Ae+tjroHCh2Kmx868=,yC+cXMfgQ22DdtKxZh8EWAbRSIo=
-6,5,gWv2NKDZ31Ae+tjroHCh2Kmx868=,zq0FPIerAq02VDFUqgwQcFPNHTk=
-5,19,gWv2NKDZ31Ae+tjroHCh2Kmx868=,PquOGHmkUPUszGxJc1TIt1+tSlM=
-5,18,gWv2NKDZ31Ae+tjroHCh2Kmx868=,CqYRlsPfyyTt1GXmiAM0eEhVvtA=
-5,17,gWv2NKDZ31Ae+tjroHCh2Kmx868=,3RjhX6tnHeJlfyjn8c1Lw9OXbPw=
-5,16,gWv2NKDZ31Ae+tjroHCh2Kmx868=,WnbSo36zdOdEaUbWifWo3DzDmvs=
-5,20,gWv2NKDZ31Ae+tjroHCh2Kmx868=,l/rNQ30CDqpFxiJQJSCDsJMy8FM=
-5,11,gWv2NKDZ31Ae+tjroHCh2Kmx868=,SMLR1utuSI9LEyoYWt3YXgmPIJA=
-5,10,gWv2NKDZ31Ae+tjroHCh2Kmx868=,RgWKSzFmNwvNt5KuZkyouXGAiVE=
-5,9,gWv2NKDZ31Ae+tjroHCh2Kmx868=,VMIVFcwsrlIDAATAY5cWBMJABWQ=
-5,8,gWv2NKDZ31Ae+tjroHCh2Kmx868=,/HMHyiUUz5+WVySHK6hh9NME0eA=
-5,15,gWv2NKDZ31Ae+tjroHCh2Kmx868=,OIMDnO0RYJ5Cj7EHVje1kbHXXj4=
-5,14,hhDRmRvNMCnR25uVOW1Iu5gk41o=,iWtA66FlgXacksy1AWcTZPwDAtI=
-5,13,hhDRmRvNMCnR25uVOW1Iu5gk41o=,8/NuT54+UMjaHsVeefo5DZAsuvQ=
-5,12,hhDRmRvNMCnR25uVOW1Iu5gk41o=,HdD8wKOA6P0Z4Xtgq1Ut4fOhQY0=
-5,3,hhDRmRvNMCnR25uVOW1Iu5gk41o=,Ud5bHzWSxeSberlJCb5nkAtyCSo=
-5,2,hhDRmRvNMCnR25uVOW1Iu5gk41o=,EsS5tFXN5Uqcf4qjd/RLA9wZ1Ic=
-5,1,hhDRmRvNMCnR25uVOW1Iu5gk41o=,JJfQN0YQKElCZCY+BYrnkBSvgx4=
-5,0,hhDRmRvNMCnR25uVOW1Iu5gk41o=,7ktyP5FjXep1a+gFfycM4MTUbXM=
-5,7,hhDRmRvNMCnR25uVOW1Iu5gk41o=,QGp1cTv3dwwSGgG+M+f0nkBFqb0=
-5,6,hhDRmRvNMCnR25uVOW1Iu5gk41o=,VzPB/0mwMp4PODklUzNLKi/n6Y8=
-5,5,hhDRmRvNMCnR25uVOW1Iu5gk41o=,rxNZS1wizTp0DczjYe1BAiCJE2E=
-5,4,hhDRmRvNMCnR25uVOW1Iu5gk41o=,Ud5bHzWSxeSberlJCb5nkAtyCSo=
-4,20,hhDRmRvNMCnR25uVOW1Iu5gk41o=,l/rNQ30CDqpFxiJQJSCDsJMy8FM=
-4,16,hhDRmRvNMCnR25uVOW1Iu5gk41o=,q/Zbm+g01JE/94iD6rXfTogKndY=
-4,17,hhDRmRvNMCnR25uVOW1Iu5gk41o=,pn/aZOyyTEwT8VlNHcwqaeVz7g0=
-4,18,hhDRmRvNMCnR25uVOW1Iu5gk41o=,ImzO5HmzoSH3FFu1WmQOBtYADq4=
-4,19,hhDRmRvNMCnR25uVOW1Iu5gk41o=,TJ3aBkbxyWVTSjmWmVRnxqnlJ4U=
-4,12,hhDRmRvNMCnR25uVOW1Iu5gk41o=,+j1CSzRrY+8SgkbABo4t5YmQHqM=
-4,13,hhDRmRvNMCnR25uVOW1Iu5gk41o=,/TlCHwdCUA5XBvkduI3hJU05hjw=
-4,14,hhDRmRvNMCnR25uVOW1Iu5gk41o=,SMLR1utuSI9LEyoYWt3YXgmPIJA=
-4,15,hhDRmRvNMCnR25uVOW1Iu5gk41o=,OIMDnO0RYJ5Cj7EHVje1kbHXXj4=
-4,8,hhDRmRvNMCnR25uVOW1Iu5gk41o=,avg+vpUArsFyz91U8H3b2jReLxA=
-4,9,hhDRmRvNMCnR25uVOW1Iu5gk41o=,9H4HqUulYl66x071l0P4n94a4aU=
-4,10,hhDRmRvNMCnR25uVOW1Iu5gk41o=,3e2V25voo7Z4maXlj44eMWqSxe0=
-4,11,hhDRmRvNMCnR25uVOW1Iu5gk41o=,jwCWXoG3Xpgch/c6R90mpqZe7Vc=
-4,4,4VsOJllUgWUGirBhlxpiGlNp6hs=,h0BbW2llJah3j/Nbx6Nn6671h4w=
-4,5,4VsOJllUgWUGirBhlxpiGlNp6hs=,Lnr3ofgypCsQJPDsbxXoBEZw5DU=
-4,6,4VsOJllUgWUGirBhlxpiGlNp6hs=,rm42xlLkKTRRMi80XxH/Rd01FzY=
-4,7,4VsOJllUgWUGirBhlxpiGlNp6hs=,pVUK5CbgxqBx9Ul/Qo8/BxNNtd0=
-4,0,4VsOJllUgWUGirBhlxpiGlNp6hs=,wtYrxXpwEdcvmmCatTDNw/tueRQ=
-4,1,4VsOJllUgWUGirBhlxpiGlNp6hs=,ExGNvsQL9YxIbIpZQj3qbE9rswY=
-4,2,4VsOJllUgWUGirBhlxpiGlNp6hs=,oRHkrwPs9xakd2FaMLU2o66WetQ=
-4,3,4VsOJllUgWUGirBhlxpiGlNp6hs=,h0BbW2llJah3j/Nbx6Nn6671h4w=
-3,20,4VsOJllUgWUGirBhlxpiGlNp6hs=,l/rNQ30CDqpFxiJQJSCDsJMy8FM=
-3,17,4VsOJllUgWUGirBhlxpiGlNp6hs=,6EkR05KcE7w5ezzFoUm2ryUWJWo=
-3,16,4VsOJllUgWUGirBhlxpiGlNp6hs=,xqjSSsTIfzI4F8UpxvN5L4DZNB8=
-3,19,4VsOJllUgWUGirBhlxpiGlNp6hs=,TJ3aBkbxyWVTSjmWmVRnxqnlJ4U=
-3,18,4VsOJllUgWUGirBhlxpiGlNp6hs=,6tG5BLEQnFuLT2VdWkODvuBJONM=
-3,13,4VsOJllUgWUGirBhlxpiGlNp6hs=,GmT30zx95wtflqLDZectBBLG8qA=
-3,12,4VsOJllUgWUGirBhlxpiGlNp6hs=,sZ8IpHuHRpb4JwHPlwH0spUHfhc=
-3,15,4VsOJllUgWUGirBhlxpiGlNp6hs=,IPIRIWbkVBZdABJxbbpp2cbKc6s=
-3,14,4VsOJllUgWUGirBhlxpiGlNp6hs=,4Cya+aaXw/N34ynSy8brPML5SeA=
-3,9,4VsOJllUgWUGirBhlxpiGlNp6hs=,KX1coL+XXkt/NobhrBKvSHfjnS4=
-3,8,4VsOJllUgWUGirBhlxpiGlNp6hs=,avg+vpUArsFyz91U8H3b2jReLxA=
-3,11,4VsOJllUgWUGirBhlxpiGlNp6hs=,QyAzLPmvhBNpLSfYLkXXeY3lRPo=
-3,10,4VsOJllUgWUGirBhlxpiGlNp6hs=,QyAzLPmvhBNpLSfYLkXXeY3lRPo=
-3,5,4VsOJllUgWUGirBhlxpiGlNp6hs=,Lnr3ofgypCsQJPDsbxXoBEZw5DU=
-3,4,4VsOJllUgWUGirBhlxpiGlNp6hs=,h0BbW2llJah3j/Nbx6Nn6671h4w=
-3,7,TXvLoHaa9Qk3DTvTcdgZai+CBCU=,DjkeyB0ITPzBO4q66BMMkJwSeBE=
-3,6,TXvLoHaa9Qk3DTvTcdgZai+CBCU=,v0UOdhhhWZIkqcOkK0zgGfRMbo0=
-3,1,TXvLoHaa9Qk3DTvTcdgZai+CBCU=,ZSyQ/05/8wPXgh4cgCl+FRRfE/g=
-3,0,TXvLoHaa9Qk3DTvTcdgZai+CBCU=,C86OYKymIM2cmbIpp2Y89diqUj4=
-3,3,TXvLoHaa9Qk3DTvTcdgZai+CBCU=,h0BbW2llJah3j/Nbx6Nn6671h4w=
-3,2,TXvLoHaa9Qk3DTvTcdgZai+CBCU=,zvkV/Ivw6b2EVDn63c+5eXLMLGg=
-2,20,TXvLoHaa9Qk3DTvTcdgZai+CBCU=,fO/fapBECoutVOnnkG7dSVgoKvc=
-2,18,TXvLoHaa9Qk3DTvTcdgZai+CBCU=,WAer94H+TT71r01hcnkZQj3e9F4=
-2,19,TXvLoHaa9Qk3DTvTcdgZai+CBCU=,s8RGNjbnl9QNyS5B0RwsGuVHyAQ=
-2,16,TXvLoHaa9Qk3DTvTcdgZai+CBCU=,xqjSSsTIfzI4F8UpxvN5L4DZNB8=
-2,17,TXvLoHaa9Qk3DTvTcdgZai+CBCU=,BUvxdNg0lI8xN+ORxldw0x/spSA=
-2,14,TXvLoHaa9Qk3DTvTcdgZai+CBCU=,vPAL3C7mmLntb+TkhO7QeaOEP98=
-2,15,TXvLoHaa9Qk3DTvTcdgZai+CBCU=,OUK4KYpmYOnybnhJOFWK9qUjlQU=
-2,12,TXvLoHaa9Qk3DTvTcdgZai+CBCU=,hpK5SJkTMDIQmK69sGW6aG/Zq20=
-2,13,TXvLoHaa9Qk3DTvTcdgZai+CBCU=,yRnM2+x0VX/IVeW4h2d8s9kohFs=
-2,10,TXvLoHaa9Qk3DTvTcdgZai+CBCU=,hpK5SJkTMDIQmK69sGW6aG/Zq20=
-2,11,TXvLoHaa9Qk3DTvTcdgZai+CBCU=,hpK5SJkTMDIQmK69sGW6aG/Zq20=
-2,8,TXvLoHaa9Qk3DTvTcdgZai+CBCU=,avg+vpUArsFyz91U8H3b2jReLxA=
-2,9,TXvLoHaa9Qk3DTvTcdgZai+CBCU=,rCiibyGeNeu0W51ccwnfQTmq6PY=
-2,6,TXvLoHaa9Qk3DTvTcdgZai+CBCU=,SVMCMBt/mjfHzDZ2Jb7tj2a+Tmc=
-2,7,TXvLoHaa9Qk3DTvTcdgZai+CBCU=,DjkeyB0ITPzBO4q66BMMkJwSeBE=
-2,4,TXvLoHaa9Qk3DTvTcdgZai+CBCU=,cRb8+0hfYVAuQzcimlWLMEauMfk=
-2,5,2rRolkm0yxQkitBnL4GyUlvigkk=,Y7Wwd6PzEwtcbLGDk1SGO/UPcGM=
-2,2,2rRolkm0yxQkitBnL4GyUlvigkk=,zvkV/Ivw6b2EVDn63c+5eXLMLGg=
-2,3,2rRolkm0yxQkitBnL4GyUlvigkk=,h0BbW2llJah3j/Nbx6Nn6671h4w=
-2,0,2rRolkm0yxQkitBnL4GyUlvigkk=,C86OYKymIM2cmbIpp2Y89diqUj4=
-2,1,2rRolkm0yxQkitBnL4GyUlvigkk=,ZSyQ/05/8wPXgh4cgCl+FRRfE/g=
-1,20,2rRolkm0yxQkitBnL4GyUlvigkk=,6fG3CZMxOl4zdt7LGhnDur48A0c=
-1,19,2rRolkm0yxQkitBnL4GyUlvigkk=,Q0VQHBAh57n3fK3tx6V+nuL/9hk=
-1,18,2rRolkm0yxQkitBnL4GyUlvigkk=,Q0VQHBAh57n3fK3tx6V+nuL/9hk=
-1,17,2rRolkm0yxQkitBnL4GyUlvigkk=,i2Lf/O+OXCIDu0nzH772Jbp9C5Q=
-1,16,2rRolkm0yxQkitBnL4GyUlvigkk=,I/aFQEpe6KF3RE1803wsG9T4+74=
-1,15,2rRolkm0yxQkitBnL4GyUlvigkk=,siq4T+fSJau3eNH6oBzwfYjk9Eg=
-1,14,2rRolkm0yxQkitBnL4GyUlvigkk=,XKWE3GqMrVmKPo9Iqm7jTmhsQ50=
-1,13,2rRolkm0yxQkitBnL4GyUlvigkk=,4GkwvVe4nbkkQ+CMI/fMEuLDTx4=
-1,12,2rRolkm0yxQkitBnL4GyUlvigkk=,JHvAZiE23+wmcl5bTzy8vSvJdWQ=
-1,11,2rRolkm0yxQkitBnL4GyUlvigkk=,+r7SW+0DKyQWZftjm2K1lxEHkUw=
-1,10,2rRolkm0yxQkitBnL4GyUlvigkk=,JHvAZiE23+wmcl5bTzy8vSvJdWQ=
-1,9,2rRolkm0yxQkitBnL4GyUlvigkk=,jn58yHOJJGUROuZTF8m5hryM6Gw=
-1,8,2rRolkm0yxQkitBnL4GyUlvigkk=,fckrSv3gXmRV0LFysxuun2/LmIw=
-1,7,2rRolkm0yxQkitBnL4GyUlvigkk=,WlQTy2CCKr8owObwZH8mNb+63ck=
-1,6,2rRolkm0yxQkitBnL4GyUlvigkk=,XxIX9ON3YAgd9wN/95AWxDmpIDk=
-1,5,2rRolkm0yxQkitBnL4GyUlvigkk=,0VO7pjOtpxfdsZflzpbrViHXmtk=
-1,4,2rRolkm0yxQkitBnL4GyUlvigkk=,h0BbW2llJah3j/Nbx6Nn6671h4w=
-1,3,2rRolkm0yxQkitBnL4GyUlvigkk=,h0BbW2llJah3j/Nbx6Nn6671h4w=
-1,2,65DGsM1rs/SHjJ3ki7cG82QCn34=,A4/6OAyLFwaqunhlXBDcEyYIJ6M=
-1,1,65DGsM1rs/SHjJ3ki7cG82QCn34=,k19GHIhpPBzhHeVcLAxTFzgRMvk=
-1,0,65DGsM1rs/SHjJ3ki7cG82QCn34=,Ig7k7CXG4lcb1WZLjhHWVDhawak=
